Author,Works,Sessions,Titles
Stephen King,2,39,One For The Road; Salem's Lot
R. K. Narayan,2,16,An Astrologer's Day; Waiting for the Mahatma
Agatha Christie,3,14,Miss Marple Stories; The Case of The Caretaker; The Murder of Roger Ackroyd
Max Brooks,1,13,Devolution
Graham Farmelo,1,11,The Strangest Man
Satyajit Ray,8,10,"Gagan Chowdhury's Studio; Khagam; Mr Brown's Cottage; One Dozen Stories; The Hungry Septopus; The Maths Teacher, Mr Pink, and Tipu; The Promise (Dui Bondhu); The Vicious Vampire"
Douglas Adams,1,10,The Hitchhiker's Guide to the Galaxy
Jane Austen,1,9,Pride and Prejudice
Khaled Hosseini,1,9,The Kite Runner
Grant Morrison and Dave McKean,1,8,Arkham Asylum: A Serious House on Serious Earth
Junji Ito,1,7,Hellstar Remina
Tulsidas,1,6,Ramayan
Ramdhari Singh Dinkar,1,5,Rashmirathi
Guy de Maupassant,4,4,A Mistake; A Vagabond; Love; The Terror
Ruskin Bond,3,4,The Blue Umbrella; The Most Beautiful; The Night Train at Deoli & The Leopard
Frances Burney,1,4,Evelina
Scott Westerfeld,1,4,Uglies
William Golding,1,4,Lord of the Flies
Rabindranath Tagore,3,3,Antim Pyaar; Kabuliwala; The Postmaster
Algernon Blackwood,1,3,The Wendigo
Joseph Sheridan Le Fanu,1,3,Carmilla
M. R. James,1,3,"Oh, Whistle, and I'll Come to You, My Lad"
Ryūnosuke Akutagawa,1,3,Hell Screen
Antoine de Saint-Exupéry,1,2,The Little Prince
F. Marion Crawford,1,2,The Upper Berth
Jim Corbett,1,2,The Champawat Man-Eater
Arthur Conan Doyle,1,1,Sherlock Holmes Stories
Ayush Manjil,1,1,I Won't Accept Fate
Darshil Jain,1,1,Hope - Rebooted in Reels
Edgar Allan Poe,1,1,The Purloined Letter
Edward Lucas White,1,1,Lukundoo
Frank R. Stockton,1,1,"The Lady, or the Tiger?"
H. P. Lovecraft,1,1,Dagon and The Other Gods
Jaishankar Prasad,1,1,Kankaal
Matt Haig,1,1,The Midnight Library
O. Henry,1,1,The Last Leaf
Premchand,1,1,दो बैलों की कथा
Samuel Taylor Coleridge,1,1,The Rime of the Ancient Mariner
Shirley Jackson,1,1,The Possibility of Evil
Shiv Aroor and Rahul Singh,1,1,India's Most Fearless
Sreevidya Y,1,1,Submission (Sreevidya Y)
Srutorshi Basuray,1,1,Submission (Srutorshi Basuray)
Various,1,1,Classic Poems
W. W. Jacobs,1,1,The Monkey's Paw
Wise Dev,1,1,The Choice Not Made
