Reader,Sessions
Satyaki Goswami,37
@SATYAKI GOSWAMI,16
Abhishek Bhaiyya/Satyaki Goswami,14
Abhishek Kumar Jha/Satyaki Goswami,12
Sreevidya,12
@SHAGUN DWIVEDI,11
Shagun Dwivedi,8
Prachi,5
Harsh Vardhan Rai,4
Angana Mondal,2
Nairhritya,2
@Ayesha Badgujar,2
Himanshu Sharma,2
Anshu,2
Ayesha Badgujar,1
Harshvi Saini IITM,1
Nishan,1
Rahul Chakraborty,1
Shreya,1
Amit new member Bib,1
Ayush S. Jadhav,1
Amit Kumar Gupta,1
harshvisaini0901@gmail.com,1
@~gharsh,1
~Ayush S. Jadhav & Tamajit Sadukhan IITM,1
Aradhya Kulkarni,1
gharsh,1
Ashish,1
Chatrapal and Himanshu,1
Abhineet Raman,1
@Himanshu Sharma,1
Ayesha Badgujar and/or Himanshu Sharma or Satyaki Goswami,1
@ABHINEET RAMAN,1
Chhota Himanshu,1
Abhishek Kumar Jha,1
Thanvi,1
Chhota Himanshu/Satyaki Goswami,1
Abhishek Bhaiyya/Satyaki Goswami/Chhota Himanshu,1
Vedam Thanvi Sree Nithya,1
Gourav Kumar Ghosh,1
Chatrapal Singh Rathore,1
