Title,Category,Reader,Created_Date,Creator
Lord of the Flies (Chapter 05),Book,Angana Mondal,"Monday, December 12, 2022 at 5:30:58 PM UTC",Sahityika : Literary Society
Lord of the Flies (Chapter 05),Book,Satyaki Goswami,"Tuesday, December 13, 2022 at 5:26:59 PM UTC",Sahityika : Literary Society
Lord of the Flies (Chapter 09),Book,Satyaki Goswami IITM,"Monday, January 9, 2023 at 5:30:17 PM UTC",Sahityika : Literary Society
Lord of the Flies (Chapter 10),Book,Satyaki Goswami IITM,"Tuesday, January 10, 2023 at 5:31:55 PM UTC",Sahityika : Literary Society
Uglies (Chapter 1),Book,Satyaki Goswami,"Monday, January 30, 2023 at 5:28:11 PM UTC",SATYAKI GOSWAMI
Uglies (Chapter 4-5),Book,Ayesha Badgujar,"Friday, February 3, 2023 at 3:58:44 PM UTC",SATYAKI GOSWAMI
Uglies (Chapter 7-8),Book,Harshvi Saini IITM,"Monday, February 6, 2023 at 4:51:08 PM UTC",Sahityika : Literary Society
Uglies (Chapter 19-21),Book,Nishan,"Wednesday, February 15, 2023 at 4:11:38 PM UTC",Sahityika : Literary Society
"""The Last Leaf"" by O Henry",Story,Open,"Monday, March 20, 2023 at 4:50:26 PM UTC",SHREYA SHAMBHAVI
"""The Champawat Man-Eater"" by Jim Corbett",Story,Open,"Wednesday, March 22, 2023 at 4:15:10 PM UTC",SATYAKI GOSWAMI
"""The Champawat Man-Eater"" by Jim Corbett",Story,Open,"Friday, March 24, 2023 at 4:29:02 PM UTC",SATYAKI GOSWAMI
"""The Rime of the Ancient Mariner"" by Samuel Taylor Coleridge",Poem,Angana Mondal,"Monday, March 27, 2023 at 4:17:22 PM UTC",SATYAKI GOSWAMI
Carmila,Book,Rahul Chakraborty,"Thursday, June 1, 2023 at 2:31:24 PM UTC",Sahityika : Literary Society
Carmila,Book,???,"Monday, June 5, 2023 at 4:29:01 PM UTC",SATYAKI GOSWAMI
Carmila,Book,Shreya,"Wednesday, June 7, 2023 at 10:57:47 AM UTC",SATYAKI GOSWAMI
"The Lady, or The Tiger",Book,Amit new member Bib,"Friday, June 16, 2023 at 4:30:23 PM UTC",SATYAKI GOSWAMI
The Monkey's Paw,Book,To be decided in the session,"Monday, June 19, 2023 at 4:27:04 PM UTC",Sahityika : Literary Society
The Wendigo,Book,Nairhritya,"Wednesday, June 21, 2023 at 4:19:38 PM UTC",SATYAKI GOSWAMI
The Wendigo,Book,Ayush S. Jadhav,"Friday, June 23, 2023 at 3:24:42 PM UTC",SATYAKI GOSWAMI
The Wendigo,Book,Satyaki Goswami,"Monday, June 26, 2023 at 2:54:35 PM UTC",SATYAKI GOSWAMI
Classic Poems,Book,Amit Kumar Gupta,"Wednesday, June 28, 2023 at 4:38:00 PM UTC",SATYAKI GOSWAMI
The Night Train at Deoli & The Leopard,Story,harshvisaini0901@gmail.com,"Friday, June 30, 2023 at 4:22:21 PM UTC",SATYAKI GOSWAMI
One Dozen Stories by Satyajit Ray,Book,Nairhritya,"Monday, July 17, 2023 at 4:12:43 PM UTC",SATYAKI GOSWAMI
One Dozen Stories by Satyajit Ray,Book,@~gharsh,"Monday, July 24, 2023 at 3:43:11 PM UTC",Rahul Chakraborty
India's Most Fearless,Book,~Ayush S. Jadhav & Tamajit Sadukhan IITM,"Wednesday, July 26, 2023 at 3:48:51 PM UTC",Sahityika : Literary Society
One Dozen Stories by Satyajit Ray,Book,Aradhya Kulkarni,"Friday, July 28, 2023 at 4:15:24 PM UTC",SATYAKI GOSWAMI
Devolution by Max Brooks,Book,Shagun Dwivedi,"Monday, August 7, 2023 at 2:05:57 PM UTC",SATYAKI GOSWAMI
Devolution by Max Brooks,Book,Shagun Dwivedi,"Wednesday, August 9, 2023 at 2:17:28 PM UTC",SATYAKI GOSWAMI
Devolution by Max Brooks,Book,Shagun Dwivedi,"Friday, August 11, 2023 at 3:45:58 PM UTC",SATYAKI GOSWAMI
Devolution by Max Brooks,Book,gharsh,"Monday, August 14, 2023 at 3:33:52 PM UTC",Sahityika : Literary Society
Devolution by Max Brooks,Book,Shagun Dwivedi,"Wednesday, August 16, 2023 at 3:37:34 PM UTC",SATYAKI GOSWAMI
Devolution by Max Brooks,Book,Shagun Dwivedi,"Wednesday, September 20, 2023 at 3:45:58 PM UTC",SATYAKI GOSWAMI
Devolution by Max Brooks,Book,Shagun Dwivedi,"Friday, September 22, 2023 at 2:56:17 PM UTC",Sahityika : Literary Society
Devolution by Max Brooks,Book,Shagun Dwivedi,"Monday, September 25, 2023 at 3:19:45 PM UTC",Sahityika : Literary Society
Devolution by Max Brooks,Book,Shagun Dwivedi,"Wednesday, September 27, 2023 at 3:03:13 PM UTC",Sahityika : Literary Society
Devolution by Max Brooks,Book,,"Friday, September 29, 2023 at 4:13:40 PM UTC",SATYAKI GOSWAMI
Devolution by Max Brooks,Book,Me,"Monday, October 2, 2023 at 3:48:16 PM UTC",SATYAKI GOSWAMI
Devolution by Max Brooks,Book,Me,"Wednesday, October 4, 2023 at 2:17:09 PM UTC",SATYAKI GOSWAMI
Devolution by Max Brooks,Book,Me,"Friday, October 6, 2023 at 3:17:23 PM UTC",SATYAKI GOSWAMI
Evelina by Fanny Burney,Book,Open to all,"Wednesday, October 11, 2023 at 4:21:30 PM UTC",Harshvi saini
Evelina by Fanny Burney,Book,Open to all,"Friday, October 13, 2023 at 4:01:10 PM UTC",Harshvi saini
Evelina by Fanny Burney,Book,Open to all,"Monday, October 16, 2023 at 4:59:33 PM UTC",Sahityika : Literary Society
Evelina by Fanny Burney,Book,Open to all,"Wednesday, October 18, 2023 at 4:22:13 PM UTC",Harshvi saini
Pride & Prejudice by Jane Austen,Book,Open to all,"Wednesday, November 15, 2023 at 3:56:26 PM UTC",Harshvi saini
Pride & Prejudice by Jane Austen,Book,Ashish,"Friday, November 17, 2023 at 4:15:15 PM UTC",Harshvi saini
Pride & Prejudice by Jane Austen,Book,Open to all,"Monday, November 20, 2023 at 4:31:55 PM UTC",Harshvi saini
Pride & Prejudice by Jane Austen,Book,Open to all,"Friday, November 24, 2023 at 4:49:53 PM UTC",Harshvi saini
Pride & Prejudice by Jane Austen,Book,Open to all,"Wednesday, December 6, 2023 at 2:52:45 PM UTC",Harshvi saini
Pride & Prejudice by Jane Austen,Book,Chatrapal and Himanshu,"Friday, December 8, 2023 at 4:18:07 PM UTC",Harshvi saini
Pride & Prejudice by Jane Austen,Book,open to all,"Monday, December 11, 2023 at 4:40:01 PM UTC",Harshvi saini
Pride & Prejudice by Jane Austen,Book,Open to all,"Wednesday, December 13, 2023 at 4:09:20 PM UTC",Harshvi saini
Pride & Prejudice by Jane Austen,Book,Open to all,"Friday, December 15, 2023 at 4:38:44 PM UTC",Harshvi saini
LUKUNDOO by Edward Lucas White,Book,Satyaki Goswami,"Monday, January 29, 2024 at 3:31:30 PM UTC",Harshvi saini
Ramayan(Baal Kaand),Book,Open to all,"Friday, February 9, 2024 at 4:18:15 PM UTC",Harshvi saini
Ramayan(Baal Kaand),Book,Abhineet Raman,"Wednesday, February 14, 2024 at 3:34:23 PM UTC",Harshvi saini
The Case of The Caretaker by Agatha Christie,Book,Open to all,"Wednesday, April 3, 2024 at 4:14:29 PM UTC",Harshvi saini
Miss Marple Stories by Agatha Christie,Book,Open to all,"Friday, April 5, 2024 at 4:06:29 PM UTC",Harshvi saini
Dagon and The Other Gods by H.P Lovecraft; The Upper Berth by F. Marion Crawford,Book,Satyaki Goswami,"Monday, April 8, 2024 at 3:09:24 PM UTC",Sahityika : Literary Society
The Upper Berth by F. Marion Crawford,Book,Satyaki Goswami,"Wednesday, April 10, 2024 at 4:10:14 PM UTC",Sahityika : Literary Society
Sherlock Holmes Stories,Book,Open to all,"Wednesday, April 17, 2024 at 4:24:15 PM UTC",Harshvi saini
Hellstar Remina,Book,Satyaki Goswami,"Friday, April 19, 2024 at 1:42:50 PM UTC",Sahityika : Literary Society
Hellstar Remina,Book,Satyaki Goswami,"Monday, April 22, 2024 at 1:56:53 PM UTC",Sahityika : Literary Society
Hellstar Remina,Book,Satyaki Goswami,"Wednesday, May 1, 2024 at 2:47:15 PM UTC",Sahityika : Literary Society
Hellstar Remina,Book,Satyaki Goswami,"Friday, May 3, 2024 at 3:42:18 PM UTC",Sahityika : Literary Society
Hellstar Remina,Book,Satyaki Goswami,"Wednesday, June 12, 2024 at 4:08:48 PM UTC",Sahityika : Literary Society
Hellstar Remina,Book,Satyaki Goswami,"Monday, June 17, 2024 at 3:22:06 PM UTC",Sahityika : Literary Society
Hellstar Remina,Book,Satyaki Goswami,"Wednesday, June 19, 2024 at 3:47:20 PM UTC",Sahityika : Literary Society
The Murder of Roger Ackyord,Book,@SHAGUN DWIVEDI,"Friday, June 21, 2024 at 2:37:15 PM UTC",Sahityika : Literary Society
The Murder of Roger Ackyord,Book,@SHAGUN DWIVEDI,"Monday, June 24, 2024 at 4:18:26 PM UTC",Sahityika : Literary Society
The Murder of Roger Ackyord,Book,@SHAGUN DWIVEDI,"Friday, June 28, 2024 at 3:36:31 PM UTC",Sahityika : Literary Society
The Murder of Roger Ackyord,Book,@SHAGUN DWIVEDI,"Monday, July 1, 2024 at 3:37:30 PM UTC",Sahityika : Literary Society
The Murder of Roger Ackyord,Book,@SHAGUN DWIVEDI,"Monday, July 8, 2024 at 1:50:43 PM UTC",Sahityika : Literary Society
The Murder of Roger Ackyord,Book,@SHAGUN DWIVEDI,"Wednesday, July 10, 2024 at 1:46:10 PM UTC",Sahityika : Literary Society
The Murder of Roger Ackyord,Book,@SHAGUN DWIVEDI,"Monday, July 15, 2024 at 3:31:36 PM UTC",Sahityika : Literary Society
The Murder of Roger Ackyord,Book,@SATYAKI GOSWAMI,"Friday, July 19, 2024 at 2:54:30 PM UTC",Sahityika : Literary Society
The Murder of Roger Ackyord,Book,@SHAGUN DWIVEDI,"Monday, July 22, 2024 at 3:04:07 PM UTC",Sahityika : Literary Society
The Murder of Roger Ackyord,Book,@SHAGUN DWIVEDI,"Wednesday, July 24, 2024 at 2:37:30 PM UTC",Sahityika : Literary Society
The Murder of Roger Ackyord,Book,@SHAGUN DWIVEDI,"Friday, July 26, 2024 at 3:32:22 PM UTC",Sahityika : Literary Society
The Murder of Roger Ackyord,Book,@SHAGUN DWIVEDI,"Saturday, July 27, 2024 at 2:38:24 PM UTC",Sahityika : Literary Society
Waiting For The Mahatma,Book,@Himanshu Sharma,"Monday, July 29, 2024 at 4:08:51 PM UTC",Sahityika : Literary Society
Waiting For The Mahatma,Book,@SATYAKI GOSWAMI,"Monday, August 12, 2024 at 4:05:17 PM UTC",Sahityika : Literary Society
Waiting For The Mahatma,Book,@SATYAKI GOSWAMI,"Wednesday, August 14, 2024 at 3:26:29 PM UTC",Sahityika : Literary Society
Waiting For The Mahatma,Book,@SATYAKI GOSWAMI,"Friday, August 16, 2024 at 3:27:37 PM UTC",Sahityika : Literary Society
Waiting For The Mahatma,Book,@SATYAKI GOSWAMI,"Monday, August 19, 2024 at 3:50:38 PM UTC",Sahityika : Literary Society
Waiting For The Mahatma,Book,@SATYAKI GOSWAMI,"Monday, September 2, 2024 at 1:29:29 PM UTC",Sahityika : Literary Society
Waiting For The Mahatma,Book,@SATYAKI GOSWAMI,"Wednesday, September 4, 2024 at 3:32:07 PM UTC",Sahityika : Literary Society
Waiting For The Mahatma,Book,@SATYAKI GOSWAMI,"Friday, September 6, 2024 at 3:29:01 PM UTC",Sahityika : Literary Society
Waiting For The Mahatma,Book,@SATYAKI GOSWAMI,"Monday, September 9, 2024 at 3:03:59 PM UTC",Sahityika : Literary Society
Waiting For The Mahatma,Book,@SATYAKI GOSWAMI,"Wednesday, September 11, 2024 at 4:00:46 PM UTC",Sahityika : Literary Society
Waiting For The Mahatma,Book,@SATYAKI GOSWAMI,"Friday, September 13, 2024 at 3:43:13 PM UTC",Sahityika : Literary Society
Waiting For The Mahatma,Book,@Ayesha Badgujar,"Monday, September 16, 2024 at 3:14:34 PM UTC",Sahityika : Literary Society
Waiting For The Mahatma,Book,@Ayesha Badgujar,"Wednesday, September 18, 2024 at 3:24:51 PM UTC",Sahityika : Literary Society
Waiting For The Mahatma,Book,Ayesha Badgujar and/or Himanshu Sharma or Satyaki Goswami,"Friday, September 20, 2024 at 4:31:35 PM UTC",Sahityika : Literary Society
Waiting For The Mahatma,Book,@SATYAKI GOSWAMI,"Wednesday, September 25, 2024 at 3:18:28 PM UTC",Sahityika : Literary Society
Rashmirathi,Book,Harsh Vardhan Rai,"Friday, September 27, 2024 at 3:40:32 PM UTC",Sahityika : Literary Society
Salem's Lot,Book,@SATYAKI GOSWAMI,"Monday, September 30, 2024 at 1:41:32 PM UTC",Sahityika : Literary Society
Salem's Lot,Book,@SATYAKI GOSWAMI,"Wednesday, October 2, 2024 at 3:36:11 PM UTC",Sahityika : Literary Society
Rashmirathi,Book,Harsh Vardhan Rai,"Friday, October 4, 2024 at 4:12:38 PM UTC",Sahityika : Literary Society
Rashmirathi,Book,Harsh Vardhan Rai,"Wednesday, October 9, 2024 at 3:57:09 PM UTC",Sahityika : Literary Society
Rashmirathi,Book,@ABHINEET RAMAN,"Monday, October 14, 2024 at 1:06:47 PM UTC",Sahityika : Literary Society
Salem's Lot,Book,@SATYAKI GOSWAMI,"Wednesday, October 16, 2024 at 4:43:59 PM UTC",Sahityika : Literary Society
Salem's Lot,Book,Chhota Himanshu,"Wednesday, October 30, 2024 at 3:58:53 PM UTC",Sahityika : Literary Society
Salem's Lot,Book,Satyaki Goswami,"Friday, November 1, 2024 at 4:02:14 PM UTC",Sahityika : Literary Society
Rashmirathi,Book,Harsh Vardhan Rai,"Monday, November 4, 2024 at 4:13:56 PM UTC",Sahityika : Literary Society
Salem's Lot,Book,@SATYAKI GOSWAMI,"Wednesday, November 6, 2024 at 2:52:03 PM UTC",Sahityika : Literary Society
Salem's Lot,Book,Abhishek Kumar Jha,"Wednesday, November 13, 2024 at 3:13:08 PM UTC",Sahityika : Literary Society
Salem's Lot,Book,Abhishek Kumar Jha/Satyaki Goswami,"Friday, November 15, 2024 at 3:36:35 PM UTC",Sahityika : Literary Society
Salem's Lot,Book,Abhishek Kumar Jha/Satyaki Goswami,"Monday, November 18, 2024 at 3:40:16 PM UTC",Sahityika : Literary Society
Salem's Lot,Book,Abhishek Kumar Jha/Satyaki Goswami,"Wednesday, November 20, 2024 at 3:18:07 PM UTC",Sahityika : Literary Society
Salem's Lot,Book,Abhishek Kumar Jha/Satyaki Goswami,"Friday, November 22, 2024 at 3:27:51 PM UTC",Sahityika : Literary Society
Salem's Lot,Book,Abhishek Kumar Jha/Satyaki Goswami,"Wednesday, December 4, 2024 at 2:30:03 PM UTC",Sahityika : Literary Society
Salem's Lot,Book,Abhishek Kumar Jha/Satyaki Goswami,"Friday, December 6, 2024 at 3:41:56 PM UTC",Sahityika : Literary Society
Salem's Lot + From The Pages of Childhood,Book,Abhishek Kumar Jha/Satyaki Goswami,"Monday, December 9, 2024 at 2:17:26 PM UTC",Sahityika : Literary Society
Salem's Lot + From The Pages of Childhood,Book,Abhishek Kumar Jha/Satyaki Goswami,"Wednesday, December 11, 2024 at 4:30:27 PM UTC",Sahityika : Literary Society
Salem's Lot + From The Pages of Childhood,Book,Thanvi,"Friday, December 13, 2024 at 4:42:27 PM UTC",Sahityika : Literary Society
Salem's Lot + From The Pages of Childhood,Book,Chhota Himanshu/Satyaki Goswami,"Friday, December 27, 2024 at 2:05:58 PM UTC",Sahityika : Literary Society
Salem's Lot + From The Pages of Childhood,Book,Satyaki Goswami,"Monday, December 30, 2024 at 4:42:20 PM UTC",Sahityika : Literary Society
Salem's Lot + From The Pages of Childhood,Book,Satyaki Goswami,"Thursday, January 2, 2025 at 3:26:09 PM UTC",Sahityika : Literary Society
Salem's Lot + From The Pages of Childhood,Book,Abhishek Bhaiyya/Satyaki Goswami,"Friday, January 3, 2025 at 4:50:11 PM UTC",Sahityika : Literary Society
Salem's Lot + From The Pages of Childhood,Book,Abhishek Bhaiyya/Satyaki Goswami,"Monday, January 6, 2025 at 2:54:25 PM UTC",Sahityika : Literary Society
Salem's Lot + From The Pages of Childhood,Book,Abhishek Bhaiyya/Satyaki Goswami,"Wednesday, January 8, 2025 at 2:34:22 PM UTC",Sahityika : Literary Society
Salem's Lot + From The Pages of Childhood,Book,Abhishek Bhaiyya/Satyaki Goswami,"Friday, January 10, 2025 at 4:45:22 PM UTC",Sahityika : Literary Society
Salem's Lot + From The Pages of Childhood,Book,Abhishek Bhaiyya/Satyaki Goswami,"Monday, January 13, 2025 at 3:46:46 PM UTC",BAALAJI G K M
Salem's Lot + From The Pages of Childhood,Book,Abhishek Bhaiyya/Satyaki Goswami,"Wednesday, January 22, 2025 at 3:53:21 PM UTC",Sahityika : Literary Society
Salem's Lot + From The Pages of Childhood,Book,Abhishek Bhaiyya/Satyaki Goswami,"Friday, January 24, 2025 at 4:06:52 PM UTC",Sahityika : Literary Society
Salem's Lot + From The Pages of Childhood,Book,Abhishek Bhaiyya/Satyaki Goswami/Chhota Himanshu,"Wednesday, January 29, 2025 at 3:02:41 PM UTC",Sahityika : Literary Society
Salem's Lot,Book,Abhishek Kumar Jha/Satyaki Goswami,"Friday, January 31, 2025 at 2:46:58 PM UTC",Sahityika : Literary Society
Salem's Lot + Ink What You Think,Book,Abhishek Bhaiyya/Satyaki Goswami,"Monday, February 3, 2025 at 3:56:03 PM UTC",Sahityika : Literary Society
Salem's Lot + Ink What You Think,Book,Abhishek Bhaiyya/Satyaki Goswami,"Wednesday, February 5, 2025 at 3:30:33 PM UTC",Sahityika : Literary Society
Salem's Lot + Ink What You Think,Book,Abhishek Bhaiyya/Satyaki Goswami,"Friday, February 7, 2025 at 4:34:14 PM UTC",BAALAJI G K M
Salem's Lot + Ink What You Think,Book,Abhishek Bhaiyya/Satyaki Goswami,"Wednesday, February 12, 2025 at 3:04:38 PM UTC",BAALAJI G K M
Salem's Lot + Ink What You Think,Book,Abhishek Bhaiyya/Satyaki Goswami,"Friday, February 14, 2025 at 4:26:42 PM UTC",BAALAJI G K M
Salem's Lot + Ink What You Think,Book,Abhishek Bhaiyya/Satyaki Goswami,"Friday, February 28, 2025 at 2:34:34 PM UTC",BAALAJI G K M
https://docs.google.com/document/d/1oNl1XpQ8Slfov6lMv68wUzw8X4UrauPLRB-VY8CPIJk/edit?usp=drivesdk,Book,,"Thursday, March 6, 2025 at 12:12:25 PM UTC",Sahityika : Literary Society
Salem's Lot + Ink What You Think,Book,Abhishek Bhaiyya/Satyaki Goswami,"Friday, March 7, 2025 at 3:05:07 PM UTC",BAALAJI G K M
Salem's Lot,Book,Abhishek Kumar Jha/Satyaki Goswami,"Saturday, March 8, 2025 at 3:16:18 PM UTC",BAALAJI G K M
Salem's Lot,Book,Abhishek Kumar Jha/Satyaki Goswami,"Sunday, March 9, 2025 at 3:40:24 PM UTC",BAALAJI G K M
Salem's Lot,Book,Abhishek Kumar Jha/Satyaki Goswami,"Monday, March 10, 2025 at 3:00:03 PM UTC",BAALAJI G K M
The Strangest Man,Book,Satyaki Goswami,"Friday, May 16, 2025 at 3:07:14 PM UTC",Sahityika : Literary Society
The Strangest Man,Book,Vedam Thanvi Sree Nithya,"Monday, May 19, 2025 at 3:09:23 PM UTC",BAALAJI G K M
The Strangest Man,Book,Satyaki Goswami,"Wednesday, May 21, 2025 at 4:06:26 PM UTC",BAALAJI G K M
The Strangest Man,Book,Satyaki Goswami,"Friday, May 23, 2025 at 4:05:42 PM UTC",Sahityika : Literary Society
The Strangest Man,Book,Satyaki Goswami,"Wednesday, May 28, 2025 at 3:57:21 PM UTC",Sahityika : Literary Society
The Strangest Man,Book,Satyaki Goswami,"Friday, May 30, 2025 at 3:03:15 PM UTC",Sahityika : Literary Society
The Strangest Man,Book,Satyaki Goswami,"Monday, June 16, 2025 at 4:24:58 PM UTC",BAALAJI G K M
The Strangest Man,Book,Satyaki Goswami,"Wednesday, June 18, 2025 at 4:53:30 PM UTC",BAALAJI G K M
The Strangest Man,Book,Satyaki Goswami,"Monday, June 23, 2025 at 3:00:04 PM UTC",Sahityika : Literary Society
The Strangest Man,Book,Satyaki Goswami,"Wednesday, June 25, 2025 at 4:09:56 PM UTC",BAALAJI G K M
"'Oh, Whistle, and I'll Come to You, My Lad'",Book,Satyaki Goswami,"Friday, June 27, 2025 at 2:23:50 PM UTC",Sahityika : Literary Society
"'Oh, Whistle, and I'll Come to You, My Lad'",Book,Satyaki Goswami,"Monday, June 30, 2025 at 3:50:28 PM UTC",Sahityika : Literary Society
The Strangest Man,Book,Satyaki Goswami,"Wednesday, July 2, 2025 at 3:20:51 PM UTC",Sahityika : Literary Society
"'Oh, Whistle, and I'll Come to You, My Lad'",Book,Satyaki Goswami,"Thursday, July 3, 2025 at 3:15:13 PM UTC",BAALAJI G K M
Kabuliwaala,Book,Himanshu Sharma,"Monday, July 14, 2025 at 4:44:57 PM UTC",Sahityika : Literary Society
Kankaal,Book,Satyaki Goswami,"Wednesday, July 16, 2025 at 3:45:14 PM UTC",Sahityika : Literary Society
Didi,Book,Gourav Kumar Ghosh,"Monday, July 21, 2025 at 3:18:01 PM UTC",Sahityika : Literary Society
Antim Pyaar,Book,Himanshu Sharma,"Friday, July 25, 2025 at 3:25:54 PM UTC",Sahityika : Literary Society
The Choice Not Made by Wise Dev,Piece,Satyaki Goswami,"Friday, August 8, 2025 at 3:40:16 PM UTC",Sahityika : Literary Society
Submission by Srutorshi Basuray,Piece,Satyaki Goswami,"Monday, August 11, 2025 at 3:34:12 PM UTC",Sahityika : Literary Society
Hope -- Rebooted in Reels by Darshil Jain,Piece,Satyaki Goswami,"Wednesday, August 13, 2025 at 3:33:15 PM UTC",Sahityika : Literary Society
I Won't Accept Fate by Ayush Manjil,Piece,Satyaki Goswami,"Monday, September 1, 2025 at 2:26:01 PM UTC",Sahityika : Literary Society
Submission by Sreevidya Y,Piece,Satyaki Goswami,"Wednesday, September 3, 2025 at 3:48:13 PM UTC",Sahityika : Literary Society
दो बैलों की कथा,Story,,"Friday, January 16, 2026 at 3:50:49 PM UTC",Sahityika : Literary Society
An Astrologer's Day,Piece,Sreevidya,"Monday, January 19, 2026 at 4:35:08 PM UTC",Sreevidya Yadavally
The Kite Runner by Khaled Hosseini,Book,Prachi,"Wednesday, January 21, 2026 at 4:38:38 PM UTC",24F2001732 SHRUJAL N K
The Kite Runner by Khaled Hosseini,Book,Anshu,"Friday, January 23, 2026 at 4:55:34 PM UTC",24F2001732 SHRUJAL N K
The Kite Runner by Khaled Hosseini,Book,Sreevidya,"Monday, January 26, 2026 at 3:10:17 PM UTC",Sreevidya Yadavally
The Kite Runner by Khaled Hosseini,Book,Anshu,"Friday, January 30, 2026 at 4:04:13 PM UTC",Sreevidya Yadavally
The Kite Runner by Khaled Hosseini,Book,Sreevidya,"Monday, February 2, 2026 at 3:49:01 PM UTC",Sahityika : Literary Society
The Kite Runner by Khaled Hosseini,Book,Prachi,"Wednesday, February 11, 2026 at 5:12:57 PM UTC",Sahityika : Literary Society
The Kite Runner by Khaled Hosseini,Book,Prachi,"Friday, March 6, 2026 at 1:19:36 PM UTC",Sreevidya Yadavally
The Kite Runner by Khaled Hosseini,Book,Sreevidya,"Wednesday, March 18, 2026 at 3:02:39 PM UTC",Sreevidya Yadavally
The Kite Runner by Khaled Hosseini,Book,Sreevidya,"Wednesday, March 18, 2026 at 4:41:30 PM UTC",24F2001732 SHRUJAL N K
A Vagabond by Guy de Maupassant,Book,Sreevidya,"Monday, March 23, 2026 at 4:24:52 PM UTC",Sreevidya Yadavally
Love by Guy de Maupassant,Story,Prachi,"Wednesday, March 25, 2026 at 4:48:52 PM UTC",Sreevidya Yadavally
A Mistake by Guy de Maupassant,Story,Sreevidya,"Friday, March 27, 2026 at 3:25:01 PM UTC",Sreevidya Yadavally
The Terror by Guy de Maupassant,Story,Sreevidya,"Wednesday, April 1, 2026 at 3:06:29 PM UTC",Sreevidya Yadavally
The Little Prince by by Antoine de Saint-Exupéry,Book,Sreevidya,"Monday, April 13, 2026 at 4:35:44 PM UTC",Sreevidya Yadavally
The Little Prince by by Antoine de Saint-Exupéry,Book,Chatrapal Singh Rathore,"Friday, April 24, 2026 at 1:44:13 PM UTC",Ayush Raj
Possibility Of Evil by Shirley Jackson,Story,Prachi,"Wednesday, April 29, 2026 at 2:25:00 PM UTC",Sreevidya Yadavally
The Blue Umbrella by Ruskin Bond,Novel,Sreevidya,"Friday, May 15, 2026 at 3:54:23 PM UTC",Sreevidya Yadavally
The Blue Umbrella by Ruskin Bond,Novel,Sreevidya,"Monday, May 18, 2026 at 2:16:50 PM UTC",Sreevidya Yadavally
The Most Beautiful by Ruskin Bond,Story,Sreevidya,"Friday, May 22, 2026 at 4:02:34 PM UTC",Sreevidya Yadavally
