Date,Weekday,Created_Date,Stopped_At,Estimated_End,Duration_Minutes,Title,Author,Segment,Announced_As,Also_In_Session,Readers,Reader_Count,Readers_Tentative,Announced_By,Announced_Date_Raw,Announced_Time_Raw,Message_Timestamp_UTC,Warnings,Message_Id
2022-12-12,Monday,2022-12-12T23:05:00+05:30,Chapter 5,2022-12-13T01:05:00+05:30,120,Lord of the Flies,,Chapter 5,Book,,Angana Mondal,1,,Sahityika : Literary Society,"12th, December, 2022",11: 05 PM,2022-12-12T17:30:58+00:00,,AAAAiWm0VOs/jWG3OHgjjMw/jWG3OHgjjMw
2022-12-13,Tuesday,2022-12-13T23:05:00+05:30,Chapter 5,2022-12-14T01:05:00+05:30,120,Lord of the Flies,,Chapter 5,Book,,Satyaki Goswami,1,,Sahityika : Literary Society,"13th, December, 2022",11: 05 PM,2022-12-13T17:26:59+00:00,,AAAAiWm0VOs/3aLZKoDb5kU/3aLZKoDb5kU
2023-01-09,Monday,2023-01-09T23:00:00+05:30,Chapter 9,2023-01-10T01:00:00+05:30,120,Lord of the Flies,,Chapter 9,Book,,Satyaki Goswami,1,,Sahityika : Literary Society,"09th, January, 2022",11: 00 PM,2023-01-09T17:30:17+00:00,,AAAAiWm0VOs/YDS8OAhtm88/YDS8OAhtm88
2023-01-10,Tuesday,2023-01-10T23:00:00+05:30,Chapter 10,2023-01-11T01:00:00+05:30,120,Lord of the Flies,,Chapter 10,Book,,Satyaki Goswami,1,,Sahityika : Literary Society,"10th, January, 2022",11: 00 PM,2023-01-10T17:31:55+00:00,,AAAAiWm0VOs/0hCRF82GJJ0/0hCRF82GJJ0
2023-01-30,Monday,2023-01-30T23:05:00+05:30,Chapter 1,2023-01-31T01:05:00+05:30,120,Uglies,,Chapter 1,Book,,Satyaki Goswami,1,,SATYAKI GOSWAMI,"30th January, 2023",11: 05 PM,2023-01-30T17:28:11+00:00,,AAAAiWm0VOs/33oNuOZjtnw/33oNuOZjtnw
2023-02-03,Friday,2023-02-03T22:00:00+05:30,Chapter 5,2023-02-04T00:00:00+05:30,120,Uglies,,Chapters 4-5,Book,,Ayesha Badgujar,1,,SATYAKI GOSWAMI,"3rd February, 2023",10 : 00 PM,2023-02-03T15:58:44+00:00,,AAAAiWm0VOs/2kvWvCmq-cQ/2kvWvCmq-cQ
2023-02-06,Monday,2023-02-06T22:15:00+05:30,Chapter 8,2023-02-07T00:15:00+05:30,120,Uglies,,Chapters 7-8,Book,,Harshvi Saini,1,,Sahityika : Literary Society,"6th February, 2023",10 : 15 PM,2023-02-06T16:51:08+00:00,,AAAAiWm0VOs/_npI0qbjMHs/_npI0qbjMHs
2023-02-15,Wednesday,2023-02-15T22:00:00+05:30,Chapter 21,2023-02-16T00:00:00+05:30,120,Uglies,,Chapters 19-21,Book,,Nishan,1,,Sahityika : Literary Society,"15th February, 2023",10 : 00 PM,2023-02-15T16:11:38+00:00,,AAAAiWm0VOs/fBYnJujV3EM/fBYnJujV3EM
2023-03-20,Monday,2023-03-20T22:30:00+05:30,,2023-03-21T00:30:00+05:30,120,The Last Leaf,O. Henry,,Story,,Unassigned,0,,SHREYA SHAMBHAVI,"20th March, 2023",10 : 30 PM,2023-03-20T16:50:26+00:00,reader not assigned ('Open'),AAAAiWm0VOs/pQ8Ayq3-NQs/pQ8Ayq3-NQs
2023-03-22,Wednesday,2023-03-22T22:00:00+05:30,,2023-03-23T00:00:00+05:30,120,The Champawat Man-Eater,Jim Corbett,,Story,,Unassigned,0,,SATYAKI GOSWAMI,"22th March, 2023",10 : 00 PM,2023-03-22T16:15:10+00:00,reader not assigned ('Open'),AAAAiWm0VOs/ON-gp9fzA5M/ON-gp9fzA5M
2023-03-24,Friday,2023-03-24T22:15:00+05:30,,2023-03-25T00:15:00+05:30,120,The Champawat Man-Eater,Jim Corbett,,Story,,Unassigned,0,,SATYAKI GOSWAMI,"24th March, 2023",10 : 15 PM,2023-03-24T16:29:02+00:00,reader not assigned ('Open'),AAAAiWm0VOs/Y1gpJmC0xOs/Y1gpJmC0xOs
2023-03-27,Monday,2023-03-27T22:10:00+05:30,,2023-03-28T00:10:00+05:30,120,The Rime of the Ancient Mariner,Samuel Taylor Coleridge,,Poem,,Angana Mondal,1,,SATYAKI GOSWAMI,"27th March, 2023",10 : 10 PM,2023-03-27T16:17:22+00:00,,AAAAiWm0VOs/mYG4PbFK6ys/mYG4PbFK6ys
2023-06-01,Thursday,2023-06-01T22:00:00+05:30,,2023-06-02T00:00:00+05:30,120,Carmilla,,,Book,,Rahul Chakraborty,1,,Sahityika : Literary Society,"1st June, 2023",10 : 00 PM,2023-06-01T14:31:24+00:00,,AAAAiWm0VOs/fRXASwt9t3Q/fRXASwt9t3Q
2023-06-05,Monday,2023-06-05T22:00:00+05:30,,2023-06-06T00:00:00+05:30,120,Carmilla,,,Book,,Unassigned,0,,SATYAKI GOSWAMI,"5th June, 2023",10 : 00 PM,2023-06-05T16:29:01+00:00,reader not assigned ('???'),AAAAiWm0VOs/56zHy1i0iIo/56zHy1i0iIo
2023-06-07,Wednesday,2023-06-07T22:00:00+05:30,,2023-06-08T00:00:00+05:30,120,Carmilla,,,Book,,Shreya,1,,SATYAKI GOSWAMI,"7th June, 2023",10 : 00 PM,2023-06-07T10:57:47+00:00,,AAAAiWm0VOs/szjx5yyVTeM/szjx5yyVTeM
2023-06-16,Friday,2023-06-16T22:00:00+05:30,,2023-06-17T00:00:00+05:30,120,"The Lady, or the Tiger?",,,Book,,Amit Kumar Gupta,1,,SATYAKI GOSWAMI,"16th June, 2023",10 : 00 PM,2023-06-16T16:30:23+00:00,,AAAAiWm0VOs/S212-WrziFE/S212-WrziFE
2023-06-19,Monday,2023-06-19T22:05:00+05:30,,2023-06-20T00:05:00+05:30,120,The Monkey's Paw,,,Book,,Unassigned,0,,Sahityika : Literary Society,"19th June, 2023",10 : 05 PM,2023-06-19T16:27:04+00:00,reader not assigned ('To be decided in the session'),AAAAiWm0VOs/uayloutEePs/uayloutEePs
2023-06-21,Wednesday,2023-06-21T22:00:00+05:30,,2023-06-22T00:00:00+05:30,120,The Wendigo,,,Book,,Nairhritya,1,,SATYAKI GOSWAMI,"21st June, 2023",10 : 00 PM,2023-06-21T16:19:38+00:00,,AAAAiWm0VOs/X44AyEVqMpQ/X44AyEVqMpQ
2023-06-23,Friday,2023-06-23T22:00:00+05:30,,2023-06-24T00:00:00+05:30,120,The Wendigo,,,Book,,Ayush S. Jadhav,1,,SATYAKI GOSWAMI,"23rd June, 2023",10 : 00 PM,2023-06-23T15:24:42+00:00,,AAAAiWm0VOs/krJ-NWvENe4/krJ-NWvENe4
2023-06-26,Monday,2023-06-26T22:00:00+05:30,,2023-06-27T00:00:00+05:30,120,The Wendigo,,,Book,,Satyaki Goswami,1,,SATYAKI GOSWAMI,"26th June, 2023",10 : 00 PM,2023-06-26T14:54:35+00:00,,AAAAiWm0VOs/6SM1Qyh9UoY/6SM1Qyh9UoY
2023-06-28,Wednesday,2023-06-28T22:15:00+05:30,,2023-06-29T00:15:00+05:30,120,Classic Poems,,,Book,,Amit Kumar Gupta,1,,SATYAKI GOSWAMI,"28th June, 2023",10 : 15 PM,2023-06-28T16:38:00+00:00,,AAAAiWm0VOs/_cL0lgl3_L0/_cL0lgl3_L0
2023-06-30,Friday,2023-06-30T22:00:00+05:30,,2023-07-01T00:00:00+05:30,120,The Night Train at Deoli & The Leopard,,,Story,,Harshvi Saini,1,,SATYAKI GOSWAMI,"30th June, 2023",10 : 00 PM,2023-06-30T16:22:21+00:00,,AAAAiWm0VOs/Qegl5UEYYeA/Qegl5UEYYeA
2023-07-17,Monday,2023-07-17T22:15:00+05:30,,2023-07-18T00:15:00+05:30,120,One Dozen Stories,Satyajit Ray,,Book,,Nairhritya,1,,SATYAKI GOSWAMI,"17th July, 2023",10 : 15 PM,2023-07-17T16:12:43+00:00,,AAAAiWm0VOs/fZ1piLF9Qbo/fZ1piLF9Qbo
2023-07-24,Monday,2023-07-24T22:00:00+05:30,,2023-07-25T00:00:00+05:30,120,One Dozen Stories,Satyajit Ray,,Book,,gharsh,1,,Rahul Chakraborty,"24th July, 2023",10 : 00 PM,2023-07-24T15:43:11+00:00,,AAAAiWm0VOs/9iQSQ64mkYs/9iQSQ64mkYs
2023-07-26,Wednesday,2023-07-26T22:00:00+05:30,,2023-07-27T00:00:00+05:30,120,India's Most Fearless,,,Book,,Ayush S. Jadhav; Tamajit Sadukhan,2,,Sahityika : Literary Society,"26th July, 2023",10 : 00 PM,2023-07-26T15:48:51+00:00,,AAAAiWm0VOs/P1YXQuN5jmM/P1YXQuN5jmM
2023-07-28,Friday,2023-07-28T22:15:00+05:30,,2023-07-29T00:15:00+05:30,120,One Dozen Stories,Satyajit Ray,,Book,,Aradhya Kulkarni,1,,SATYAKI GOSWAMI,"28th July, 2023",10 : 15 PM,2023-07-28T16:15:24+00:00,,AAAAiWm0VOs/wyG_2Lu8hA8/wyG_2Lu8hA8
2023-08-07,Monday,2023-08-07T22:00:00+05:30,,2023-08-08T00:00:00+05:30,120,Devolution,Max Brooks,,Book,,Shagun Dwivedi,1,,SATYAKI GOSWAMI,"7th August, 2023",10:00 PM,2023-08-07T14:05:57+00:00,,AAAAiWm0VOs/906nVfW8F2Q/906nVfW8F2Q
2023-08-09,Wednesday,2023-08-09T22:00:00+05:30,,2023-08-10T00:00:00+05:30,120,Devolution,Max Brooks,,Book,,Shagun Dwivedi,1,,SATYAKI GOSWAMI,"9th August, 2023",10:00 PM,2023-08-09T14:17:28+00:00,,AAAAiWm0VOs/osznw0-af_o/osznw0-af_o
2023-08-11,Friday,2023-08-11T22:00:00+05:30,,2023-08-12T00:00:00+05:30,120,Devolution,Max Brooks,,Book,,Shagun Dwivedi,1,,SATYAKI GOSWAMI,"11th August, 2023",10:00 PM,2023-08-11T15:45:58+00:00,,AAAAiWm0VOs/E0bWKbwQ47o/E0bWKbwQ47o
2023-08-14,Monday,2023-08-14T22:00:00+05:30,,2023-08-15T00:00:00+05:30,120,Devolution,Max Brooks,,Book,,gharsh,1,,Sahityika : Literary Society,"14th August, 2023",10:00 PM,2023-08-14T15:33:52+00:00,,AAAAiWm0VOs/J0yUtH29PxY/J0yUtH29PxY
2023-08-16,Wednesday,2023-08-16T22:15:00+05:30,,2023-08-17T00:15:00+05:30,120,Devolution,Max Brooks,,Book,,Shagun Dwivedi,1,,SATYAKI GOSWAMI,"16th August, 2023",10:15 PM,2023-08-16T15:37:34+00:00,,AAAAiWm0VOs/K01sVQXs_9U/K01sVQXs_9U
2023-09-20,Wednesday,2023-09-20T22:15:00+05:30,,2023-09-21T00:15:00+05:30,120,Devolution,Max Brooks,,Book,,Shagun Dwivedi,1,,SATYAKI GOSWAMI,20th September 2023,10:15 PM,2023-09-20T15:45:58+00:00,,AAAAiWm0VOs/KjZcAr1Xfeg/KjZcAr1Xfeg
2023-09-22,Friday,2023-09-22T22:10:00+05:30,,2023-09-23T00:10:00+05:30,120,Devolution,Max Brooks,,Book,,Shagun Dwivedi,1,,Sahityika : Literary Society,22nd September 2023,10:10 PM,2023-09-22T14:56:17+00:00,,AAAAiWm0VOs/ahfSUf-C8gg/ahfSUf-C8gg
2023-09-25,Monday,2023-09-25T22:15:00+05:30,,2023-09-26T00:15:00+05:30,120,Devolution,Max Brooks,,Book,,Shagun Dwivedi,1,,Sahityika : Literary Society,25th September 2023,10:15 PM,2023-09-25T15:19:45+00:00,,AAAAiWm0VOs/3QOAU0pqI_s/3QOAU0pqI_s
2023-09-27,Wednesday,2023-09-27T22:15:00+05:30,,2023-09-28T00:15:00+05:30,120,Devolution,Max Brooks,,Book,,Shagun Dwivedi,1,,Sahityika : Literary Society,27th September 2023,10:15 PM,2023-09-27T15:03:13+00:00,,AAAAiWm0VOs/VYDgwBzFlSM/VYDgwBzFlSM
2023-09-29,Friday,2023-09-29T22:15:00+05:30,,2023-09-30T00:15:00+05:30,120,Devolution,Max Brooks,,Book,,Unassigned,0,,SATYAKI GOSWAMI,29th September 2023,10:15 PM,2023-09-29T16:13:40+00:00,reader not assigned (''),AAAAiWm0VOs/UXrlYA6JEx4/UXrlYA6JEx4
2023-10-02,Monday,2023-10-02T22:15:00+05:30,,2023-10-03T00:15:00+05:30,120,Devolution,Max Brooks,,Book,,Unassigned,0,,SATYAKI GOSWAMI,2nd October 2023,10:15 PM,2023-10-02T15:48:16+00:00,reader not assigned ('Me'),AAAAiWm0VOs/ZTgXrMYDrpE/ZTgXrMYDrpE
2023-10-04,Wednesday,2023-10-04T22:15:00+05:30,,2023-10-05T00:15:00+05:30,120,Devolution,Max Brooks,,Book,,Unassigned,0,,SATYAKI GOSWAMI,4th October 2023,10:15 PM,2023-10-04T14:17:09+00:00,reader not assigned ('Me'),AAAAiWm0VOs/2tS3QWYf0Yg/2tS3QWYf0Yg
2023-10-06,Friday,2023-10-06T22:15:00+05:30,,2023-10-07T00:15:00+05:30,120,Devolution,Max Brooks,,Book,,Unassigned,0,,SATYAKI GOSWAMI,6th October 2023,10:15 PM,2023-10-06T15:17:23+00:00,reader not assigned ('Me'),AAAAiWm0VOs/ETpa0H2YVFI/ETpa0H2YVFI
2023-10-11,Wednesday,2023-10-11T22:15:00+05:30,,2023-10-12T00:15:00+05:30,120,Evelina,Frances Burney,,Book,,Unassigned,0,,Harshvi saini,11th October 2023,10:15 PM,2023-10-11T16:21:30+00:00,reader not assigned ('Open to all'),AAAAiWm0VOs/kuVP_yahXRk/kuVP_yahXRk
2023-10-13,Friday,2023-10-13T22:15:00+05:30,,2023-10-14T00:15:00+05:30,120,Evelina,Frances Burney,,Book,,Unassigned,0,,Harshvi saini,13th October 2023,10:15 PM,2023-10-13T16:01:10+00:00,reader not assigned ('Open to all'),AAAAiWm0VOs/TC_kPI5oFqM/TC_kPI5oFqM
2023-10-16,Monday,2023-10-16T22:15:00+05:30,,2023-10-17T00:15:00+05:30,120,Evelina,Frances Burney,,Book,,Unassigned,0,,Sahityika : Literary Society,16th October 2023,10:15 PM,2023-10-16T16:59:33+00:00,reader not assigned ('Open to all'),AAAAiWm0VOs/tisgDQ180J0/tisgDQ180J0
2023-10-18,Wednesday,2023-10-18T22:15:00+05:30,,2023-10-19T00:15:00+05:30,120,Evelina,Frances Burney,,Book,,Unassigned,0,,Harshvi saini,18th October 2023,10:15 PM,2023-10-18T16:22:13+00:00,reader not assigned ('Open to all'),AAAAiWm0VOs/OXOO0F9S3Ro/OXOO0F9S3Ro
2023-11-15,Wednesday,2023-11-15T22:15:00+05:30,,2023-11-16T00:15:00+05:30,120,Pride and Prejudice,Jane Austen,,Book,,Unassigned,0,,Harshvi saini,15 November 2023,10:15 PM,2023-11-15T15:56:26+00:00,reader not assigned ('Open to all'),AAAAiWm0VOs/JAGGEUPAH-c/JAGGEUPAH-c
2023-11-17,Friday,2023-11-17T22:15:00+05:30,,2023-11-18T00:15:00+05:30,120,Pride and Prejudice,Jane Austen,,Book,,Ashish,1,,Harshvi saini,17 November 2023,10:15 PM,2023-11-17T16:15:15+00:00,,AAAAiWm0VOs/4-Vv10XgtxA/4-Vv10XgtxA
2023-11-20,Monday,2023-11-20T22:15:00+05:30,,2023-11-21T00:15:00+05:30,120,Pride and Prejudice,Jane Austen,,Book,,Unassigned,0,,Harshvi saini,20 November 2023,10:15 PM,2023-11-20T16:31:55+00:00,reader not assigned ('Open to all'),AAAAiWm0VOs/PS66m0gs0xg/PS66m0gs0xg
2023-11-24,Friday,2023-11-24T22:15:00+05:30,,2023-11-25T00:15:00+05:30,120,Pride and Prejudice,Jane Austen,,Book,,Unassigned,0,,Harshvi saini,24 November 2023,10:15 PM,2023-11-24T16:49:53+00:00,reader not assigned ('Open to all'),AAAAiWm0VOs/nFmChkBKWvw/nFmChkBKWvw
2023-12-06,Wednesday,2023-12-06T22:15:00+05:30,,2023-12-07T00:15:00+05:30,120,Pride and Prejudice,Jane Austen,,Book,,Unassigned,0,,Harshvi saini,6 December 2023,10:15 PM,2023-12-06T14:52:45+00:00,reader not assigned ('Open to all'),AAAAiWm0VOs/V5G3j-JfWc4/V5G3j-JfWc4
2023-12-08,Friday,2023-12-08T22:15:00+05:30,,2023-12-09T00:15:00+05:30,120,Pride and Prejudice,Jane Austen,,Book,,Chatrapal Singh Rathore; Himanshu,2,,Harshvi saini,8 December 2023,10:15 PM,2023-12-08T16:18:07+00:00,,AAAAiWm0VOs/6sq7Tpbgu7s/6sq7Tpbgu7s
2023-12-11,Monday,2023-12-11T22:15:00+05:30,,2023-12-12T00:15:00+05:30,120,Pride and Prejudice,Jane Austen,,Book,,Unassigned,0,,Harshvi saini,11 December 2023,10:15 PM,2023-12-11T16:40:01+00:00,reader not assigned ('open to all'),AAAAiWm0VOs/9WXPNUtgCIM/9WXPNUtgCIM
2023-12-13,Wednesday,2023-12-13T22:15:00+05:30,,2023-12-14T00:15:00+05:30,120,Pride and Prejudice,Jane Austen,,Book,,Unassigned,0,,Harshvi saini,13 December 2023,10:15 PM,2023-12-13T16:09:20+00:00,reader not assigned ('Open to all'),AAAAiWm0VOs/HF8KjKGkdb0/HF8KjKGkdb0
2023-12-15,Friday,2023-12-15T22:15:00+05:30,,2023-12-16T00:15:00+05:30,120,Pride and Prejudice,Jane Austen,,Book,,Unassigned,0,,Harshvi saini,15 December 2023,10:15 PM,2023-12-15T16:38:44+00:00,reader not assigned ('Open to all'),AAAAiWm0VOs/gry1S7RLmx8/gry1S7RLmx8
2024-01-22,Monday,2024-01-22T22:15:00+05:30,Baal Kaand,2024-01-23T00:15:00+05:30,120,Ramayan,,Baal Kaand,Book,,Ashish,1,,Sahityika : Literary Society,22 January 2024,10:15 PM,2024-01-22T16:08:40+00:00,,AAAAiWm0VOs/mmYSY6SmDxI/mmYSY6SmDxI
2024-01-26,Friday,2024-01-26T22:15:00+05:30,Baal Kaand,2024-01-27T00:15:00+05:30,120,Ramayan,,Baal Kaand,Book,,Prasannakumar,1,,Harshvi saini,26 January 2024,10:15 PM,2024-01-26T15:31:38+00:00,,AAAAiWm0VOs/8CFKeME2pSg/8CFKeME2pSg
2024-01-29,Monday,2024-01-29T22:15:00+05:30,,2024-01-30T00:15:00+05:30,120,Lukundoo,Edward Lucas White,,Book,,Satyaki Goswami,1,,Harshvi saini,29 January 2024,10:15 PM,2024-01-29T15:31:30+00:00,,AAAAiWm0VOs/BLYbEsHfDOk/BLYbEsHfDOk
2024-01-31,Wednesday,2024-01-31T22:15:00+05:30,Baal Kaand,2024-02-01T00:15:00+05:30,120,Ramayan,,Baal Kaand,Book,,Abhineet Raman,1,,Sahityika : Literary Society,31 January 2024,10:15 PM,2024-01-31T15:59:36+00:00,,AAAAiWm0VOs/op8Wsuf6Smw/op8Wsuf6Smw
2024-02-02,Friday,2024-02-02T22:00:00+05:30,,2024-02-03T00:00:00+05:30,120,The Hitchhiker's Guide to the Galaxy,,,Book,,Amit Kumar Gupta,1,,Sahityika : Literary Society,2nd February 2024,10:00 PM,2024-02-02T13:25:20+00:00,,AAAAiWm0VOs/u9RdJT-2OLs/u9RdJT-2OLs
2024-02-07,Wednesday,2024-02-07T22:00:00+05:30,Baal Kaand,2024-02-08T00:00:00+05:30,120,Ramayan,,Baal Kaand,Book,,gharsh,1,,Harshvi saini,7th February 2024,10:00 PM,2024-02-07T16:08:32+00:00,,AAAAiWm0VOs/2gvHn03r6c8/2gvHn03r6c8
2024-02-09,Friday,2024-02-09T22:00:00+05:30,Baal Kaand,2024-02-10T00:00:00+05:30,120,Ramayan,,Baal Kaand,Book,,Unassigned,0,,Harshvi saini,9nd February 2024,10:00 PM,2024-02-09T16:18:15+00:00,reader not assigned ('Open to all'),AAAAiWm0VOs/loeeLG2Fcbk/loeeLG2Fcbk
2024-02-12,Monday,2024-02-12T22:00:00+05:30,,2024-02-13T00:00:00+05:30,120,The Hitchhiker's Guide to the Galaxy,,,Book,,Amit Kumar Gupta,1,,Sahityika : Literary Society,12th February 2024,10:00 PM,2024-02-12T13:49:12+00:00,,AAAAiWm0VOs/6r5LtpdAUuQ/6r5LtpdAUuQ
2024-02-14,Wednesday,2024-02-14T22:00:00+05:30,Baal Kaand,2024-02-15T00:00:00+05:30,120,Ramayan,,Baal Kaand,Book,,Abhineet Raman,1,,Harshvi saini,14nd February 2024,10:00 PM,2024-02-14T15:34:23+00:00,,AAAAiWm0VOs/lN6v-G-kqMY/lN6v-G-kqMY
2024-02-16,Friday,2024-02-16T22:00:00+05:30,,2024-02-17T00:00:00+05:30,120,The Hitchhiker's Guide to the Galaxy,,,Book,,Satyaki Goswami,1,,Sahityika : Literary Society,16th February 2024,10:00 PM,2024-02-16T15:18:14+00:00,,AAAAiWm0VOs/qQEtzyNEpZA/qQEtzyNEpZA
2024-02-19,Monday,2024-02-19T22:00:00+05:30,,2024-02-20T00:00:00+05:30,120,The Hitchhiker's Guide to the Galaxy,,,Book,,Amit Kumar Gupta,1,,Sahityika : Literary Society,19th February 2024,10:00 PM,2024-02-19T15:39:18+00:00,,AAAAiWm0VOs/qSTkoOtjKj8/qSTkoOtjKj8
2024-03-01,Friday,2024-03-01T22:00:00+05:30,,2024-03-02T00:00:00+05:30,120,The Hitchhiker's Guide to the Galaxy,,,Book,,Satyaki Goswami,1,,Sahityika : Literary Society,1st March 2024,10:00 PM,2024-03-01T15:24:23+00:00,,AAAAiWm0VOs/eJRUuKXTKTs/eJRUuKXTKTs
2024-03-04,Monday,2024-03-04T22:00:00+05:30,,2024-03-05T00:00:00+05:30,120,The Hitchhiker's Guide to the Galaxy,,,Book,,Unassigned,0,,Harshvi saini,4th March 2024,10:00 PM,2024-03-04T15:35:26+00:00,reader not assigned ('Open to all'),AAAAiWm0VOs/VJochjM7SBE/VJochjM7SBE
2024-03-11,Monday,2024-03-11T22:00:00+05:30,,2024-03-12T00:00:00+05:30,120,The Hitchhiker's Guide to the Galaxy,,,Book,,Unassigned,0,,Sahityika : Literary Society,11th March 2024,10:00 PM,2024-03-11T15:53:18+00:00,reader not assigned ('Open to all'),AAAAiWm0VOs/0wOJ1LHLqsQ/0wOJ1LHLqsQ
2024-03-13,Wednesday,2024-03-13T22:00:00+05:30,,2024-03-14T00:00:00+05:30,120,The Hitchhiker's Guide to the Galaxy,,,Book,,Unassigned,0,,Harshvi saini,13th March 2024,10:00 PM,2024-03-13T16:18:16+00:00,reader not assigned ('Open to all'),AAAAiWm0VOs/lsDgqbXtafA/lsDgqbXtafA
2024-03-15,Friday,2024-03-15T22:00:00+05:30,,2024-03-16T00:00:00+05:30,120,The Hitchhiker's Guide to the Galaxy,,,Book,,Himanshu Singh,1,,Sahityika : Literary Society,15th March 2024,10:00 PM,2024-03-15T16:06:16+00:00,,AAAAiWm0VOs/u1XZrHj03bU/u1XZrHj03bU
2024-03-18,Monday,2024-03-18T22:00:00+05:30,,2024-03-19T00:00:00+05:30,120,The Hitchhiker's Guide to the Galaxy,,,Book,,Unassigned,0,,Sahityika : Literary Society,18th March 2024,10:00 PM,2024-03-18T14:43:04+00:00,reader not assigned ('Open To All'),AAAAiWm0VOs/a-0WTA3x8Ao/a-0WTA3x8Ao
2024-04-01,Monday,2024-04-01T22:00:00+05:30,,2024-04-02T00:00:00+05:30,120,The Purloined Letter,,,Book,,Abhineet Raman,1,,Sahityika : Literary Society,1st April 2024,10:00 PM,2024-04-01T16:00:58+00:00,,AAAAiWm0VOs/8dk8UGpTbRY/8dk8UGpTbRY
2024-04-03,Wednesday,2024-04-03T22:00:00+05:30,,2024-04-04T00:00:00+05:30,120,The Case of The Caretaker,Agatha Christie,,Book,,Unassigned,0,,Harshvi saini,3rd April 2024,10:00 PM,2024-04-03T16:14:29+00:00,reader not assigned ('Open to all'),AAAAiWm0VOs/pnkxkVdQkbE/pnkxkVdQkbE
2024-04-05,Friday,2024-04-05T22:00:00+05:30,,2024-04-06T00:00:00+05:30,120,Miss Marple Stories,Agatha Christie,,Book,,Unassigned,0,,Harshvi saini,5th April 2024,10:00 PM,2024-04-05T16:06:29+00:00,reader not assigned ('Open to all'),AAAAiWm0VOs/czr2tCJeh0Q/czr2tCJeh0Q
2024-04-08,Monday,2024-04-08T22:00:00+05:30,,2024-04-09T00:00:00+05:30,120,Dagon and The Other Gods,H. P. Lovecraft,,Book,The Upper Berth,Satyaki Goswami,1,,Sahityika : Literary Society,8th April 2024,10:00 PM,2024-04-08T15:09:24+00:00,,AAAAiWm0VOs/-akCX96bugU/-akCX96bugU
2024-04-10,Wednesday,2024-04-10T22:00:00+05:30,,2024-04-11T00:00:00+05:30,120,The Upper Berth,F. Marion Crawford,,Book,,Satyaki Goswami,1,,Sahityika : Literary Society,10th April 2024,10:00 PM,2024-04-10T16:10:14+00:00,,AAAAiWm0VOs/schPJC6vbdI/schPJC6vbdI
2024-04-17,Wednesday,2024-04-17T22:00:00+05:30,,2024-04-18T00:00:00+05:30,120,Sherlock Holmes Stories,,,Book,,Unassigned,0,,Harshvi saini,17th April 2024,10:00 PM,2024-04-17T16:24:15+00:00,reader not assigned ('Open to all'),AAAAiWm0VOs/uSR-097D8ss/uSR-097D8ss
2024-04-19,Friday,2024-04-19T22:00:00+05:30,,2024-04-20T00:00:00+05:30,120,Hellstar Remina,,,Book,,Satyaki Goswami,1,,Sahityika : Literary Society,19th April 2024,10:00 PM,2024-04-19T13:42:50+00:00,,AAAAiWm0VOs/0z86EVJmwCw/0z86EVJmwCw
2024-04-22,Monday,2024-04-22T22:00:00+05:30,,2024-04-23T00:00:00+05:30,120,Hellstar Remina,,,Book,,Satyaki Goswami,1,,Sahityika : Literary Society,22nd April 2024,10:00 PM,2024-04-22T13:56:53+00:00,,AAAAiWm0VOs/jg5MYo-cspM/jg5MYo-cspM
2024-05-01,Wednesday,2024-05-01T22:00:00+05:30,,2024-05-02T00:00:00+05:30,120,Hellstar Remina,,,Book,,Satyaki Goswami,1,,Sahityika : Literary Society,1st May 2024,10:00 PM,2024-05-01T14:47:15+00:00,,AAAAiWm0VOs/rSgrE41NO4M/rSgrE41NO4M
2024-05-03,Friday,2024-05-03T22:00:00+05:30,,2024-05-04T00:00:00+05:30,120,Hellstar Remina,,,Book,,Satyaki Goswami,1,,Sahityika : Literary Society,3rd May 2024,10:00 PM,2024-05-03T15:42:18+00:00,,AAAAiWm0VOs/AzU0d9K_sNk/AzU0d9K_sNk
2024-06-12,Wednesday,2024-06-12T22:00:00+05:30,,2024-06-13T00:00:00+05:30,120,Hellstar Remina,,,Book,,Satyaki Goswami,1,,Sahityika : Literary Society,12th June 2024,10:00 PM,2024-06-12T16:08:48+00:00,,AAAAiWm0VOs/MGV-49P_jaI/MGV-49P_jaI
2024-06-17,Monday,2024-06-17T22:00:00+05:30,,2024-06-18T00:00:00+05:30,120,Hellstar Remina,,,Book,,Satyaki Goswami,1,,Sahityika : Literary Society,17th June 2024,10:00 PM,2024-06-17T15:22:06+00:00,,AAAAiWm0VOs/vexX3T-BHUQ/vexX3T-BHUQ
2024-06-19,Wednesday,2024-06-19T22:15:00+05:30,,2024-06-20T00:15:00+05:30,120,Hellstar Remina,,,Book,,Satyaki Goswami,1,,Sahityika : Literary Society,19th June 2024,10:15 PM,2024-06-19T15:47:20+00:00,,AAAAiWm0VOs/vWu0bwtplP0/vWu0bwtplP0
2024-06-21,Friday,2024-06-21T22:00:00+05:30,,2024-06-22T00:00:00+05:30,120,The Murder of Roger Ackroyd,,,Book,,Shagun Dwivedi,1,,Sahityika : Literary Society,21st June 2024,10:00 PM,2024-06-21T14:37:15+00:00,,AAAAiWm0VOs/b_GBk1oSh5Q/b_GBk1oSh5Q
2024-06-24,Monday,2024-06-24T22:15:00+05:30,,2024-06-25T00:15:00+05:30,120,The Murder of Roger Ackroyd,,,Book,,Shagun Dwivedi,1,,Sahityika : Literary Society,24th June 2024,10:15 PM,2024-06-24T16:18:26+00:00,,AAAAiWm0VOs/cvobuakUNc4/cvobuakUNc4
2024-06-28,Friday,2024-06-28T22:15:00+05:30,,2024-06-29T00:15:00+05:30,120,The Murder of Roger Ackroyd,,,Book,,Shagun Dwivedi,1,,Sahityika : Literary Society,28th June 2024,10:15 PM,2024-06-28T15:36:31+00:00,,AAAAiWm0VOs/wcaXYj-UpKo/wcaXYj-UpKo
2024-07-01,Monday,2024-07-01T22:15:00+05:30,,2024-07-02T00:15:00+05:30,120,The Murder of Roger Ackroyd,,,Book,,Shagun Dwivedi,1,,Sahityika : Literary Society,1st July 2024,10:15 PM,2024-07-01T15:37:30+00:00,,AAAAiWm0VOs/Hfm37VZqFWw/Hfm37VZqFWw
2024-07-08,Monday,2024-07-08T22:15:00+05:30,,2024-07-09T00:15:00+05:30,120,The Murder of Roger Ackroyd,,,Book,,Shagun Dwivedi,1,,Sahityika : Literary Society,8th July 2024,10:15 PM,2024-07-08T13:50:43+00:00,,AAAAiWm0VOs/DcTYQli75IY/DcTYQli75IY
2024-07-10,Wednesday,2024-07-10T22:15:00+05:30,,2024-07-11T00:15:00+05:30,120,The Murder of Roger Ackroyd,,,Book,,Shagun Dwivedi,1,,Sahityika : Literary Society,10th July 2024,10:15 PM,2024-07-10T13:46:10+00:00,,AAAAiWm0VOs/LCQBpdVLNWo/LCQBpdVLNWo
2024-07-15,Monday,2024-07-15T22:15:00+05:30,,2024-07-16T00:15:00+05:30,120,The Murder of Roger Ackroyd,,,Book,,Shagun Dwivedi,1,,Sahityika : Literary Society,15th July 2024,10:15 PM,2024-07-15T15:31:36+00:00,,AAAAiWm0VOs/mdHSQgw8iEQ/mdHSQgw8iEQ
2024-07-19,Friday,2024-07-19T22:15:00+05:30,,2024-07-20T00:15:00+05:30,120,The Murder of Roger Ackroyd,,,Book,,Satyaki Goswami,1,,Sahityika : Literary Society,19th July 2024,10:15 PM,2024-07-19T14:54:30+00:00,,AAAAiWm0VOs/gMrjnfudjkY/gMrjnfudjkY
2024-07-22,Monday,2024-07-22T22:15:00+05:30,,2024-07-23T00:15:00+05:30,120,The Murder of Roger Ackroyd,,,Book,,Shagun Dwivedi,1,,Sahityika : Literary Society,22nd July 2024,10:15 PM,2024-07-22T15:04:07+00:00,,AAAAiWm0VOs/tfyJATg6OJ4/tfyJATg6OJ4
2024-07-24,Wednesday,2024-07-24T22:15:00+05:30,,2024-07-25T00:15:00+05:30,120,The Murder of Roger Ackroyd,,,Book,,Shagun Dwivedi,1,,Sahityika : Literary Society,22nd July 2024,10:15 PM,2024-07-24T14:37:30+00:00,,AAAAiWm0VOs/bakofXGW2H0/bakofXGW2H0
2024-07-26,Friday,2024-07-26T22:15:00+05:30,,2024-07-27T00:15:00+05:30,120,The Murder of Roger Ackroyd,,,Book,,Shagun Dwivedi,1,,Sahityika : Literary Society,26th July 2024,10:15 PM,2024-07-26T15:32:22+00:00,,AAAAiWm0VOs/KiAMSIz16kY/KiAMSIz16kY
2024-07-27,Saturday,2024-07-27T22:15:00+05:30,,2024-07-28T00:15:00+05:30,120,The Murder of Roger Ackroyd,,,Book,,Shagun Dwivedi,1,,Sahityika : Literary Society,26th July 2024,10:15 PM,2024-07-27T14:38:24+00:00,,AAAAiWm0VOs/cH3pYsIxhR8/cH3pYsIxhR8
2024-07-29,Monday,2024-07-29T22:15:00+05:30,,2024-07-30T00:15:00+05:30,120,Waiting for the Mahatma,,,Book,,Himanshu Sharma,1,,Sahityika : Literary Society,29th July 2024,10:15 PM,2024-07-29T16:08:51+00:00,,AAAAiWm0VOs/5-46xVPM_Dk/5-46xVPM_Dk
2024-08-12,Monday,2024-08-12T22:15:00+05:30,,2024-08-13T00:15:00+05:30,120,Waiting for the Mahatma,,,Book,,Satyaki Goswami,1,,Sahityika : Literary Society,12th Aug 2024,10:15 PM,2024-08-12T16:05:17+00:00,,AAAAiWm0VOs/Ut0xXDBYRUQ/Ut0xXDBYRUQ
2024-08-14,Wednesday,2024-08-14T22:15:00+05:30,,2024-08-15T00:15:00+05:30,120,Waiting for the Mahatma,,,Book,,Satyaki Goswami,1,,Sahityika : Literary Society,14th Aug 2024,10:15 PM,2024-08-14T15:26:29+00:00,,AAAAiWm0VOs/kQ0JKhZHI6E/kQ0JKhZHI6E
2024-08-16,Friday,2024-08-16T22:15:00+05:30,,2024-08-17T00:15:00+05:30,120,Waiting for the Mahatma,,,Book,,Satyaki Goswami,1,,Sahityika : Literary Society,16th Aug 2024,10:15 PM,2024-08-16T15:27:37+00:00,,AAAAiWm0VOs/RIkKjaRmc24/RIkKjaRmc24
2024-08-19,Monday,2024-08-19T22:15:00+05:30,,2024-08-20T00:15:00+05:30,120,Waiting for the Mahatma,,,Book,,Satyaki Goswami,1,,Sahityika : Literary Society,19th Aug 2024,10:15 PM,2024-08-19T15:50:38+00:00,,AAAAiWm0VOs/fMqHXfpDM5g/fMqHXfpDM5g
2024-09-02,Monday,2024-09-02T22:15:00+05:30,,2024-09-03T00:15:00+05:30,120,Waiting for the Mahatma,,,Book,,Satyaki Goswami,1,,Sahityika : Literary Society,2nd Sept 2024,10:15 PM,2024-09-02T13:29:29+00:00,,AAAAiWm0VOs/vAp8MZMArWo/vAp8MZMArWo
2024-09-04,Wednesday,2024-09-04T22:15:00+05:30,,2024-09-05T00:15:00+05:30,120,Waiting for the Mahatma,,,Book,,Satyaki Goswami,1,,Sahityika : Literary Society,4th Sept 2024,10:15 PM,2024-09-04T15:32:07+00:00,,AAAAiWm0VOs/sRBzLnOefXo/sRBzLnOefXo
2024-09-06,Friday,2024-09-06T22:15:00+05:30,,2024-09-07T00:15:00+05:30,120,Waiting for the Mahatma,,,Book,,Satyaki Goswami,1,,Sahityika : Literary Society,6th Sept 2024,10:15 PM,2024-09-06T15:29:01+00:00,,AAAAiWm0VOs/INY89mb905I/INY89mb905I
2024-09-09,Monday,2024-09-09T22:15:00+05:30,,2024-09-10T00:15:00+05:30,120,Waiting for the Mahatma,,,Book,,Satyaki Goswami,1,,Sahityika : Literary Society,9th Sept 2024,10:15 PM,2024-09-09T15:03:59+00:00,,AAAAiWm0VOs/9Dj9z7FEUgg/9Dj9z7FEUgg
2024-09-11,Wednesday,2024-09-11T22:15:00+05:30,,2024-09-12T00:15:00+05:30,120,Waiting for the Mahatma,,,Book,,Satyaki Goswami,1,,Sahityika : Literary Society,11th Sept 2024,10:15 PM,2024-09-11T16:00:46+00:00,,AAAAiWm0VOs/twpre2-yOZc/twpre2-yOZc
2024-09-13,Friday,2024-09-13T22:15:00+05:30,,2024-09-14T00:15:00+05:30,120,Waiting for the Mahatma,,,Book,,Satyaki Goswami,1,,Sahityika : Literary Society,13th Sept 2024,10:15 PM,2024-09-13T15:43:13+00:00,,AAAAiWm0VOs/sqc1C-cJLJ4/sqc1C-cJLJ4
2024-09-16,Monday,2024-09-16T22:15:00+05:30,,2024-09-17T00:15:00+05:30,120,Waiting for the Mahatma,,,Book,,Ayesha Badgujar,1,,Sahityika : Literary Society,16th Sept 2024,10:15 PM,2024-09-16T15:14:34+00:00,,AAAAiWm0VOs/GxoD6G3yS8I/GxoD6G3yS8I
2024-09-18,Wednesday,2024-09-18T22:15:00+05:30,,2024-09-19T00:15:00+05:30,120,Waiting for the Mahatma,,,Book,,Ayesha Badgujar,1,,Sahityika : Literary Society,18th Sept 2024,10:15 PM,2024-09-18T15:24:51+00:00,,AAAAiWm0VOs/eWqSojXsayg/eWqSojXsayg
2024-09-20,Friday,2024-09-20T22:15:00+05:30,,2024-09-21T00:15:00+05:30,120,Waiting for the Mahatma,,,Book,,Ayesha Badgujar; Himanshu Sharma; Satyaki Goswami,3,yes,Sahityika : Literary Society,20th Sept 2024,10:15 PM,2024-09-20T16:31:35+00:00,,AAAAiWm0VOs/rUIBWD6Kj0A/rUIBWD6Kj0A
2024-09-25,Wednesday,2024-09-25T22:15:00+05:30,,2024-09-26T00:15:00+05:30,120,Waiting for the Mahatma,,,Book,,Satyaki Goswami,1,,Sahityika : Literary Society,25th Sept 2024,10:15 PM,2024-09-25T15:18:28+00:00,,AAAAiWm0VOs/5_SQeGJF0tM/5_SQeGJF0tM
2024-09-27,Friday,2024-09-27T22:15:00+05:30,,2024-09-28T00:15:00+05:30,120,Rashmirathi,,,Book,,Harsh Vardhan Rai,1,,Sahityika : Literary Society,27th Sept 2024,10:15 PM,2024-09-27T15:40:32+00:00,,AAAAiWm0VOs/Ldk2Eco46AE/Ldk2Eco46AE
2024-09-30,Monday,2024-09-30T22:15:00+05:30,,2024-10-01T00:15:00+05:30,120,Salem's Lot,,,Book,,Satyaki Goswami,1,,Sahityika : Literary Society,30th Sept 2024,10:15 PM,2024-09-30T13:41:32+00:00,,AAAAiWm0VOs/xHNWqHPxYqo/xHNWqHPxYqo
2024-10-02,Wednesday,2024-10-02T22:15:00+05:30,,2024-10-03T00:15:00+05:30,120,Salem's Lot,,,Book,,Satyaki Goswami,1,,Sahityika : Literary Society,2nd Sept 2024,10:15 PM,2024-10-02T15:36:11+00:00,,AAAAiWm0VOs/W2UWAVfMxxs/W2UWAVfMxxs
2024-10-04,Friday,2024-10-04T22:15:00+05:30,,2024-10-05T00:15:00+05:30,120,Rashmirathi,,,Book,,Harsh Vardhan Rai,1,,Sahityika : Literary Society,4th Sept 2024,10:15 PM,2024-10-04T16:12:38+00:00,,AAAAiWm0VOs/gsLmRm4sBME/gsLmRm4sBME
2024-10-09,Wednesday,2024-10-09T22:15:00+05:30,,2024-10-10T00:15:00+05:30,120,Rashmirathi,,,Book,,Harsh Vardhan Rai,1,,Sahityika : Literary Society,9th Oct 2024,10:15 PM,2024-10-09T15:57:09+00:00,,AAAAiWm0VOs/MTugttp1VPw/MTugttp1VPw
2024-10-14,Monday,2024-10-14T22:15:00+05:30,,2024-10-15T00:15:00+05:30,120,Rashmirathi,,,Book,,Abhineet Raman,1,,Sahityika : Literary Society,14th Oct 2024,10:15 PM,2024-10-14T13:06:47+00:00,,AAAAiWm0VOs/0s04jJxPkAQ/0s04jJxPkAQ
2024-10-16,Wednesday,2024-10-16T22:15:00+05:30,,2024-10-17T00:15:00+05:30,120,Salem's Lot,,,Book,,Satyaki Goswami,1,,Sahityika : Literary Society,16th Oct 2024,10:15 PM,2024-10-16T16:43:59+00:00,,AAAAiWm0VOs/bXEVyzE3aXI/bXEVyzE3aXI
2024-10-30,Wednesday,2024-10-30T22:15:00+05:30,,2024-10-31T00:15:00+05:30,120,Salem's Lot,,,Book,,Chhota Himanshu,1,,Sahityika : Literary Society,30th Oct 2024,10:15 PM,2024-10-30T15:58:53+00:00,,AAAAiWm0VOs/XxzLYuoSxhk/XxzLYuoSxhk
2024-11-01,Friday,2024-11-01T22:15:00+05:30,,2024-11-02T00:15:00+05:30,120,Salem's Lot,,,Book,,Satyaki Goswami,1,,Sahityika : Literary Society,1st November 2024,10:15 PM,2024-11-01T16:02:14+00:00,,AAAAiWm0VOs/F8lNSvNbOI8/F8lNSvNbOI8
2024-11-04,Monday,2024-11-04T22:15:00+05:30,,2024-11-05T00:15:00+05:30,120,Rashmirathi,,,Book,,Harsh Vardhan Rai,1,,Sahityika : Literary Society,4th Nov 2024,10:15 PM,2024-11-04T16:13:56+00:00,,AAAAiWm0VOs/J1D-ped-eL0/J1D-ped-eL0
2024-11-06,Wednesday,2024-11-06T22:15:00+05:30,,2024-11-07T00:15:00+05:30,120,Salem's Lot,,,Book,,Satyaki Goswami,1,,Sahityika : Literary Society,6th November 2024,10:15 PM,2024-11-06T14:52:03+00:00,,AAAAiWm0VOs/ttZEEWiIE1c/ttZEEWiIE1c
2024-11-13,Wednesday,2024-11-13T22:15:00+05:30,,2024-11-14T00:15:00+05:30,120,Salem's Lot,,,Book,,Abhishek Kumar Jha,1,,Sahityika : Literary Society,13th November 2024,10:15 PM,2024-11-13T15:13:08+00:00,,AAAAiWm0VOs/L2PE8P2gJrU/L2PE8P2gJrU
2024-11-15,Friday,2024-11-15T22:15:00+05:30,,2024-11-16T00:15:00+05:30,120,Salem's Lot,,,Book,,Abhishek Kumar Jha; Satyaki Goswami,2,,Sahityika : Literary Society,15th November 2024,10:15 PM,2024-11-15T15:36:35+00:00,,AAAAiWm0VOs/M3RPHcQhWd0/M3RPHcQhWd0
2024-11-18,Monday,2024-11-18T22:15:00+05:30,,2024-11-19T00:15:00+05:30,120,Salem's Lot,,,Book,,Abhishek Kumar Jha; Satyaki Goswami,2,,Sahityika : Literary Society,18th November 2024,10:15 PM,2024-11-18T15:40:16+00:00,,AAAAiWm0VOs/mkCZbZKIbbs/mkCZbZKIbbs
2024-11-20,Wednesday,2024-11-20T22:15:00+05:30,,2024-11-21T00:15:00+05:30,120,Salem's Lot,,,Book,,Abhishek Kumar Jha; Satyaki Goswami,2,,Sahityika : Literary Society,20th November 2024,10:15 PM,2024-11-20T15:18:07+00:00,,AAAAiWm0VOs/RdVcKDU32JA/RdVcKDU32JA
2024-11-22,Friday,2024-11-22T22:15:00+05:30,,2024-11-23T00:15:00+05:30,120,Salem's Lot,,,Book,,Abhishek Kumar Jha; Satyaki Goswami,2,,Sahityika : Literary Society,22nd November 2024,10:15 PM,2024-11-22T15:27:51+00:00,,AAAAiWm0VOs/cJnWibBiRNo/cJnWibBiRNo
2024-12-04,Wednesday,2024-12-04T22:15:00+05:30,,2024-12-05T00:15:00+05:30,120,Salem's Lot,,,Book,,Abhishek Kumar Jha; Satyaki Goswami,2,,Sahityika : Literary Society,4th December 2024,10:15 PM,2024-12-04T14:30:03+00:00,,AAAAiWm0VOs/wcgljy7ebXY/wcgljy7ebXY
2024-12-06,Friday,2024-12-06T22:15:00+05:30,,2024-12-07T00:15:00+05:30,120,Salem's Lot,,,Book,,Abhishek Kumar Jha; Satyaki Goswami,2,,Sahityika : Literary Society,6th December 2024,10:15 PM,2024-12-06T15:41:56+00:00,,AAAAiWm0VOs/Oxh59xR3zlw/Oxh59xR3zlw
2024-12-09,Monday,2024-12-09T22:15:00+05:30,,2024-12-10T00:15:00+05:30,120,Salem's Lot,,,Book,From The Pages of Childhood,Abhishek Kumar Jha; Satyaki Goswami,2,,Sahityika : Literary Society,6th December 2024,10:15 PM,2024-12-09T14:17:26+00:00,,AAAAiWm0VOs/h9UhjP2ycHs/h9UhjP2ycHs
2024-12-11,Wednesday,2024-12-11T22:15:00+05:30,,2024-12-12T00:15:00+05:30,120,Salem's Lot,,,Book,From The Pages of Childhood,Abhishek Kumar Jha; Satyaki Goswami,2,,Sahityika : Literary Society,11th December 2024,10:15 PM,2024-12-11T16:30:27+00:00,,AAAAiWm0VOs/U6a9Ym4TEj0/U6a9Ym4TEj0
2024-12-13,Friday,2024-12-13T22:15:00+05:30,,2024-12-14T00:15:00+05:30,120,Salem's Lot,,,Book,From The Pages of Childhood,Vedam Thanvi Sree Nithya,1,,Sahityika : Literary Society,13th December 2024,10:15 PM,2024-12-13T16:42:27+00:00,,AAAAiWm0VOs/_AExDBiOhMw/_AExDBiOhMw
2024-12-27,Friday,2024-12-27T22:15:00+05:30,,2024-12-28T00:15:00+05:30,120,Salem's Lot,,,Book,From The Pages of Childhood,Chhota Himanshu; Satyaki Goswami,2,,Sahityika : Literary Society,27th December 2024,10:15 PM,2024-12-27T14:05:58+00:00,,AAAAiWm0VOs/Udxgz9Y7Tnw/Udxgz9Y7Tnw
2024-12-30,Monday,2024-12-30T22:15:00+05:30,,2024-12-31T00:15:00+05:30,120,Salem's Lot,,,Book,From The Pages of Childhood,Satyaki Goswami,1,,Sahityika : Literary Society,30th December 2024,10:15 PM,2024-12-30T16:42:20+00:00,,AAAAiWm0VOs/ozAiWxN0L_Q/ozAiWxN0L_Q
2025-01-02,Thursday,2025-01-02T22:15:00+05:30,,2025-01-03T00:15:00+05:30,120,Salem's Lot,,,Book,From The Pages of Childhood,Satyaki Goswami,1,,Sahityika : Literary Society,2nd January 2025,10:15 PM,2025-01-02T15:26:09+00:00,,AAAAiWm0VOs/4rxJ2gVB84w/4rxJ2gVB84w
2025-01-03,Friday,2025-01-03T22:15:00+05:30,,2025-01-04T00:15:00+05:30,120,Salem's Lot,,,Book,From The Pages of Childhood,Abhishek Kumar Jha; Satyaki Goswami,2,,Sahityika : Literary Society,3rd January 2025,10:15 PM,2025-01-03T16:50:11+00:00,,AAAAiWm0VOs/7sGaYeEmNHU/7sGaYeEmNHU
2025-01-06,Monday,2025-01-06T22:15:00+05:30,,2025-01-07T00:15:00+05:30,120,Salem's Lot,,,Book,From The Pages of Childhood,Abhishek Kumar Jha; Satyaki Goswami,2,,Sahityika : Literary Society,6th January 2025,10:15 PM,2025-01-06T14:54:25+00:00,,AAAAiWm0VOs/IFnPOeZ2qsg/IFnPOeZ2qsg
2025-01-08,Wednesday,2025-01-08T22:15:00+05:30,,2025-01-09T00:15:00+05:30,120,Salem's Lot,,,Book,From The Pages of Childhood,Abhishek Kumar Jha; Satyaki Goswami,2,,Sahityika : Literary Society,8th January 2025,10:15 PM,2025-01-08T14:34:22+00:00,,AAAAiWm0VOs/V1BblWiVgZ0/V1BblWiVgZ0
2025-01-10,Friday,2025-01-10T22:15:00+05:30,,2025-01-11T00:15:00+05:30,120,Salem's Lot,,,Book,From The Pages of Childhood,Abhishek Kumar Jha; Satyaki Goswami,2,,Sahityika : Literary Society,10th January 2025,10:15 PM,2025-01-10T16:45:22+00:00,,AAAAiWm0VOs/CgTu9Jzdxhk/CgTu9Jzdxhk
2025-01-13,Monday,2025-01-13T22:15:00+05:30,,2025-01-14T00:15:00+05:30,120,Salem's Lot,,,Book,From The Pages of Childhood,Abhishek Kumar Jha; Satyaki Goswami,2,,BAALAJI G K M,13th January 2025,10:15 PM,2025-01-13T15:46:46+00:00,,AAAAiWm0VOs/SaXskpm_CwA/SaXskpm_CwA
2025-01-22,Wednesday,2025-01-22T22:15:00+05:30,,2025-01-23T00:15:00+05:30,120,Salem's Lot,,,Book,From The Pages of Childhood,Abhishek Kumar Jha; Satyaki Goswami,2,,Sahityika : Literary Society,22nd January 2025,10:15 PM,2025-01-22T15:53:21+00:00,,AAAAiWm0VOs/Cy7MYrYuFJ4/Cy7MYrYuFJ4
2025-01-24,Friday,2025-01-24T22:15:00+05:30,,2025-01-25T00:15:00+05:30,120,Salem's Lot,,,Book,From The Pages of Childhood,Abhishek Kumar Jha; Satyaki Goswami,2,,Sahityika : Literary Society,24th January 2025,10:15 PM,2025-01-24T16:06:52+00:00,,AAAAiWm0VOs/nvMOO2Y6ZmM/nvMOO2Y6ZmM
2025-01-29,Wednesday,2025-01-29T22:15:00+05:30,,2025-01-30T00:15:00+05:30,120,Salem's Lot,,,Book,From The Pages of Childhood,Abhishek Kumar Jha; Satyaki Goswami; Chhota Himanshu,3,,Sahityika : Literary Society,29th January 2025,10:15 PM,2025-01-29T15:02:41+00:00,,AAAAiWm0VOs/_whT5oHZHdE/_whT5oHZHdE
2025-01-31,Friday,2025-01-31T22:15:00+05:30,,2025-02-01T00:15:00+05:30,120,Salem's Lot,,,Book,,Abhishek Kumar Jha; Satyaki Goswami,2,,Sahityika : Literary Society,31st January 2024,10:15 PM,2025-01-31T14:46:58+00:00,,AAAAiWm0VOs/z2DKZOpS0lk/z2DKZOpS0lk
2025-02-03,Monday,2025-02-03T22:15:00+05:30,,2025-02-04T00:15:00+05:30,120,Salem's Lot,,,Book,Ink What You Think,Abhishek Kumar Jha; Satyaki Goswami,2,,Sahityika : Literary Society,3rd February 2025,10:15 PM,2025-02-03T15:56:03+00:00,,AAAAiWm0VOs/V82Dt8dCwcE/V82Dt8dCwcE
2025-02-05,Wednesday,2025-02-05T22:15:00+05:30,,2025-02-06T00:15:00+05:30,120,Salem's Lot,,,Book,Ink What You Think,Abhishek Kumar Jha; Satyaki Goswami,2,,Sahityika : Literary Society,5th February 2025,10:15 PM,2025-02-05T15:30:33+00:00,,AAAAiWm0VOs/JIqnvginbc8/JIqnvginbc8
2025-02-07,Friday,2025-02-07T22:15:00+05:30,,2025-02-08T00:15:00+05:30,120,Salem's Lot,,,Book,Ink What You Think,Abhishek Kumar Jha; Satyaki Goswami,2,,BAALAJI G K M,7th February 2025,10:15 PM,2025-02-07T16:34:14+00:00,,AAAAiWm0VOs/c7R5TcqUTGw/c7R5TcqUTGw
2025-02-12,Wednesday,2025-02-12T22:15:00+05:30,,2025-02-13T00:15:00+05:30,120,Salem's Lot,,,Book,Ink What You Think,Abhishek Kumar Jha; Satyaki Goswami,2,,BAALAJI G K M,12th February 2025,10:15 PM,2025-02-12T15:04:38+00:00,,AAAAiWm0VOs/1TDgnkgNm3o/1TDgnkgNm3o
2025-02-14,Friday,2025-02-14T22:15:00+05:30,,2025-02-15T00:15:00+05:30,120,Salem's Lot,,,Book,Ink What You Think,Abhishek Kumar Jha; Satyaki Goswami,2,,BAALAJI G K M,14th February 2025,10:15 PM,2025-02-14T16:26:42+00:00,,AAAAiWm0VOs/Ha0tLJX2JRU/Ha0tLJX2JRU
2025-02-28,Friday,2025-02-28T22:15:00+05:30,,2025-03-01T00:15:00+05:30,120,Salem's Lot,,,Book,Ink What You Think,Abhishek Kumar Jha; Satyaki Goswami,2,,BAALAJI G K M,28th February 2025,10:15 PM,2025-02-28T14:34:34+00:00,,AAAAiWm0VOs/ZCCVIJJbsBI/ZCCVIJJbsBI
2025-03-07,Friday,2025-03-07T22:15:00+05:30,,2025-03-08T00:15:00+05:30,120,Salem's Lot,,,Book,Ink What You Think,Abhishek Kumar Jha; Satyaki Goswami,2,,BAALAJI G K M,7th March 2025,10:15 PM,2025-03-07T15:05:07+00:00,,AAAAiWm0VOs/xOSiWT8cijk/xOSiWT8cijk
2025-03-08,Saturday,2025-03-08T22:15:00+05:30,,2025-03-09T00:15:00+05:30,120,Salem's Lot,,,Book,,Abhishek Kumar Jha; Satyaki Goswami,2,,BAALAJI G K M,8th March 2025,10:15 PM,2025-03-08T15:16:18+00:00,,AAAAiWm0VOs/HOekk-jxhZs/HOekk-jxhZs
2025-03-09,Sunday,2025-03-09T22:15:00+05:30,,2025-03-10T00:15:00+05:30,120,Salem's Lot,,,Book,,Abhishek Kumar Jha; Satyaki Goswami,2,,BAALAJI G K M,9th March 2025,10:15 PM,2025-03-09T15:40:24+00:00,,AAAAiWm0VOs/Xetx2Fwcj18/Xetx2Fwcj18
2025-03-10,Monday,2025-03-10T21:30:00+05:30,,2025-03-10T23:30:00+05:30,120,Salem's Lot,,,Book,,Abhishek Kumar Jha; Satyaki Goswami,2,,BAALAJI G K M,10th March 2025,09:30 PM,2025-03-10T15:00:03+00:00,,AAAAiWm0VOs/Wd4hazIQcOQ/Wd4hazIQcOQ
2025-03-17,Monday,2025-03-17T22:15:00+05:30,,2025-03-18T00:15:00+05:30,120,One For The Road,,,Tale,,Abhishek Kumar Jha; Satyaki Goswami,2,,BAALAJI G K M,17th March 2025,10:15 PM,2025-03-17T14:51:32+00:00,,AAAAiWm0VOs/5pjPt_5ITvg/5pjPt_5ITvg
2025-03-19,Wednesday,2025-03-19T22:15:00+05:30,,2025-03-20T00:15:00+05:30,120,Arkham Asylum: A Serious House on Serious Earth,,,Tale,,Satyaki Goswami,1,,Sahityika : Literary Society,19th March 2025,10:15 PM,2025-03-19T15:11:49+00:00,,AAAAiWm0VOs/Mj3ysW_C07c/Mj3ysW_C07c
2025-03-21,Friday,2025-03-21T22:15:00+05:30,,2025-03-22T00:15:00+05:30,120,Arkham Asylum: A Serious House on Serious Earth,,,Tale,,Satyaki Goswami,1,,Sahityika : Literary Society,21st March 2025,10:15 PM,2025-03-21T14:32:02+00:00,,AAAAiWm0VOs/fY2UTpR2oNk/fY2UTpR2oNk
2025-03-24,Monday,2025-03-24T22:15:00+05:30,,2025-03-25T00:15:00+05:30,120,Arkham Asylum: A Serious House on Serious Earth,,,Tale,,Satyaki Goswami,1,,Sahityika : Literary Society,24th March 2025,10:15 PM,2025-03-24T15:09:14+00:00,,AAAAiWm0VOs/edHe3OBUpK0/edHe3OBUpK0
2025-03-26,Wednesday,2025-03-26T22:15:00+05:30,,2025-03-27T00:15:00+05:30,120,Arkham Asylum: A Serious House on Serious Earth,,,Tale,,Satyaki Goswami,1,,Sahityika : Literary Society,26th March 2025,10:15 PM,2025-03-26T15:35:33+00:00,,AAAAiWm0VOs/zsFfDi2GavE/zsFfDi2GavE
2025-03-28,Friday,2025-03-28T22:15:00+05:30,,2025-03-29T00:15:00+05:30,120,Arkham Asylum: A Serious House on Serious Earth,,,Tale,,Satyaki Goswami,1,,Sahityika : Literary Society,28th March 2025,10:15 PM,2025-03-28T15:50:58+00:00,,AAAAiWm0VOs/9LeBcoqgyM4/9LeBcoqgyM4
2025-04-02,Wednesday,2025-04-02T22:15:00+05:30,,2025-04-03T00:15:00+05:30,120,Arkham Asylum: A Serious House on Serious Earth,,,Tale,,Satyaki Goswami,1,,Sahityika : Literary Society,2nd April 2025,10:15 PM,2025-04-02T14:55:22+00:00,,AAAAiWm0VOs/GIkCuATRO6Y/GIkCuATRO6Y
2025-04-18,Friday,2025-04-18T22:15:00+05:30,,2025-04-19T00:15:00+05:30,120,Arkham Asylum: A Serious House on Serious Earth,,,Tale,,Satyaki Goswami,1,,Sahityika : Literary Society,18th April 2025,10:15 PM,2025-04-18T15:15:31+00:00,,AAAAiWm0VOs/GIHn9JWG1Jw/GIHn9JWG1Jw
2025-04-21,Monday,2025-04-21T22:15:00+05:30,,2025-04-22T00:15:00+05:30,120,Arkham Asylum: A Serious House on Serious Earth,,,Tale,,Satyaki Goswami,1,,Sahityika : Literary Society,21st April 2025,10:15 PM,2025-04-21T15:56:37+00:00,,AAAAiWm0VOs/3W1daZxcOYA/3W1daZxcOYA
2025-04-23,Wednesday,2025-04-23T22:15:00+05:30,,2025-04-24T00:15:00+05:30,120,Khagam,Satyajit Ray,,Tale,,Satyaki Goswami,1,,Sahityika : Literary Society,23rd April 2025,10:15 PM,2025-04-23T15:51:54+00:00,,AAAAiWm0VOs/fz_2NC0aAZs/fz_2NC0aAZs
2025-04-25,Friday,2025-04-25T22:15:00+05:30,,2025-04-26T00:15:00+05:30,120,The Promise,Satyajit Ray,,Tale,,Satyaki Goswami,1,,Sahityika : Literary Society,25th April 2025,10:15 PM,2025-04-25T15:33:14+00:00,,AAAAiWm0VOs/TaljIgO7LJo/TaljIgO7LJo
2025-04-30,Wednesday,2025-04-30T22:15:00+05:30,,2025-05-01T00:15:00+05:30,120,Mr Brown's Cottage,Satyajit Ray,,Tale,,Satyaki Goswami,1,,Sahityika : Literary Society,30th April 2025,10:15 PM,2025-04-30T16:32:41+00:00,,AAAAiWm0VOs/CLnC8-nnd7M/CLnC8-nnd7M
2025-05-02,Friday,2025-05-02T22:15:00+05:30,,2025-05-03T00:15:00+05:30,120,Gagan Chowdhury's Studio,Satyajit Ray,,Tale,,Satyaki Goswami,1,,Sahityika : Literary Society,2nd May 2025,10:15 PM,2025-05-02T14:53:11+00:00,,AAAAiWm0VOs/auMXJ2uAfRI/auMXJ2uAfRI
2025-05-04,Sunday,2025-05-04T22:15:00+05:30,,2025-05-05T00:15:00+05:30,120,"The Maths Teacher, Mr Pink, and Tipu",Satyajit Ray,,Tale,,Satyaki Goswami,1,,Sahityika : Literary Society,4th May 2025,10:15 PM,2025-05-04T15:28:33+00:00,,AAAAiWm0VOs/KfrofM6UtZs/KfrofM6UtZs
2025-05-05,Monday,2025-05-05T22:15:00+05:30,,2025-05-06T00:15:00+05:30,120,The Vicious Vampire,Satyajit Ray,,Tale,,Satyaki Goswami,1,,Sahityika : Literary Society,5th May 2025,10:15 PM,2025-05-05T15:15:53+00:00,,AAAAiWm0VOs/o8tA9e8NUyU/o8tA9e8NUyU
2025-05-07,Wednesday,2025-05-07T22:15:00+05:30,,2025-05-08T00:15:00+05:30,120,The Hungry Septopus,Satyajit Ray,,Tale,,Satyaki Goswami,1,,Sahityika : Literary Society,7th May 2025,10:15 PM,2025-05-07T14:36:40+00:00,,AAAAiWm0VOs/-8cTd6WREZw/-8cTd6WREZw
2025-05-12,Monday,2025-05-12T22:15:00+05:30,,2025-05-13T00:15:00+05:30,120,The Postmaster,Rabindranath Tagore,,Tale,,Satyaki Goswami,1,,Sahityika : Literary Society,12th May 2025,10:15 PM,2025-05-12T15:54:50+00:00,,AAAAiWm0VOs/sRiPtOwobjA/sRiPtOwobjA
2025-05-16,Friday,2025-05-16T22:15:00+05:30,,2025-05-17T00:15:00+05:30,120,The Strangest Man,,,Book,,Satyaki Goswami,1,,Sahityika : Literary Society,16th May 2025,10:15 PM,2025-05-16T15:07:14+00:00,,AAAAiWm0VOs/m3jXPG0v3GQ/m3jXPG0v3GQ
2025-05-19,Monday,2025-05-19T22:15:00+05:30,,2025-05-20T00:15:00+05:30,120,The Strangest Man,,,Book,,Vedam Thanvi Sree Nithya,1,,BAALAJI G K M,19th May 2025,10:15 PM,2025-05-19T15:09:23+00:00,,AAAAiWm0VOs/bDhYg_-zw28/bDhYg_-zw28
2025-05-21,Wednesday,2025-05-21T22:15:00+05:30,,2025-05-22T00:15:00+05:30,120,The Strangest Man,,,Book,,Satyaki Goswami,1,,BAALAJI G K M,21st May 2025,10:15 PM,2025-05-21T16:06:26+00:00,,AAAAiWm0VOs/OZXlAAuMi6g/OZXlAAuMi6g
2025-05-23,Friday,2025-05-23T22:15:00+05:30,,2025-05-24T00:15:00+05:30,120,The Strangest Man,,,Book,,Satyaki Goswami,1,,Sahityika : Literary Society,23rd May 2025,10:15 PM,2025-05-23T16:05:42+00:00,,AAAAiWm0VOs/U0Wv6Ng-aEI/U0Wv6Ng-aEI
2025-05-28,Wednesday,2025-05-28T22:15:00+05:30,,2025-05-29T00:15:00+05:30,120,The Strangest Man,,,Book,,Satyaki Goswami,1,,Sahityika : Literary Society,28th May 2025,10:15 PM,2025-05-28T15:57:21+00:00,,AAAAiWm0VOs/TnARR5TBWtg/TnARR5TBWtg
2025-05-30,Friday,2025-05-30T22:15:00+05:30,,2025-05-31T00:15:00+05:30,120,The Strangest Man,,,Book,,Satyaki Goswami,1,,Sahityika : Literary Society,30th May 2025,10:15 PM,2025-05-30T15:03:15+00:00,,AAAAiWm0VOs/8COJlVv8yPU/8COJlVv8yPU
2025-06-16,Monday,2025-06-16T22:15:00+05:30,,2025-06-17T00:15:00+05:30,120,The Strangest Man,,,Book,,Satyaki Goswami,1,,BAALAJI G K M,16th June 2025,10:15 PM,2025-06-16T16:24:58+00:00,,AAAAiWm0VOs/FsUDZgF2dVc/FsUDZgF2dVc
2025-06-18,Wednesday,2025-06-18T22:15:00+05:30,,2025-06-19T00:15:00+05:30,120,The Strangest Man,,,Book,,Satyaki Goswami,1,,BAALAJI G K M,18th June 2025,10:15 PM,2025-06-18T16:53:30+00:00,,AAAAiWm0VOs/jfKpGPXxuUE/jfKpGPXxuUE
2025-06-23,Monday,2025-06-23T22:15:00+05:30,,2025-06-24T00:15:00+05:30,120,The Strangest Man,,,Book,,Satyaki Goswami,1,,Sahityika : Literary Society,23rd June 2025,10:15 PM,2025-06-23T15:00:04+00:00,,AAAAiWm0VOs/xPEm8IYVOXs/xPEm8IYVOXs
2025-06-25,Wednesday,2025-06-25T22:15:00+05:30,,2025-06-26T00:15:00+05:30,120,The Strangest Man,,,Book,,Satyaki Goswami,1,,BAALAJI G K M,25th June 2025,10:15 PM,2025-06-25T16:09:56+00:00,,AAAAiWm0VOs/ZdDvHHRWKa8/ZdDvHHRWKa8
2025-06-27,Friday,2025-06-27T22:15:00+05:30,,2025-06-28T00:15:00+05:30,120,"Oh, Whistle, and I'll Come to You, My Lad",,,Book,,Satyaki Goswami,1,,Sahityika : Literary Society,27th June 2025,10:15 PM,2025-06-27T14:23:50+00:00,,AAAAiWm0VOs/5hWJ3w4uraQ/5hWJ3w4uraQ
2025-06-30,Monday,2025-06-30T22:15:00+05:30,,2025-07-01T00:15:00+05:30,120,"Oh, Whistle, and I'll Come to You, My Lad",,,Book,,Satyaki Goswami,1,,Sahityika : Literary Society,30th June 2025,10:15 PM,2025-06-30T15:50:28+00:00,,AAAAiWm0VOs/xPzMU-jOUlY/xPzMU-jOUlY
2025-07-02,Wednesday,2025-07-02T22:15:00+05:30,,2025-07-03T00:15:00+05:30,120,The Strangest Man,,,Book,,Satyaki Goswami,1,,Sahityika : Literary Society,2nd July 2025,10:15 PM,2025-07-02T15:20:51+00:00,,AAAAiWm0VOs/uAUXGhU5Ydo/uAUXGhU5Ydo
2025-07-03,Thursday,2025-07-03T22:15:00+05:30,,2025-07-04T00:15:00+05:30,120,"Oh, Whistle, and I'll Come to You, My Lad",,,Book,,Satyaki Goswami,1,,BAALAJI G K M,3rd July 2025,10:15 PM,2025-07-03T15:15:13+00:00,,AAAAiWm0VOs/_wpBJCAxehI/_wpBJCAxehI
2025-07-14,Monday,2025-07-14T22:15:00+05:30,,2025-07-15T00:15:00+05:30,120,Kabuliwala,,,Book,,Himanshu Sharma,1,,Sahityika : Literary Society,14th July 2025,10:15 PM,2025-07-14T16:44:57+00:00,,AAAAiWm0VOs/-8jeChJVTDI/-8jeChJVTDI
2025-07-16,Wednesday,2025-07-16T22:15:00+05:30,,2025-07-17T00:15:00+05:30,120,Kankaal,,,Book,,Satyaki Goswami,1,,Sahityika : Literary Society,16th July 2025,10:15 PM,2025-07-16T15:45:14+00:00,,AAAAiWm0VOs/LCvrk-lPEjg/LCvrk-lPEjg
2025-07-21,Monday,2025-07-21T22:15:00+05:30,,2025-07-22T00:15:00+05:30,120,Didi,,,Book,,Gourav Kumar Ghosh,1,,Sahityika : Literary Society,21st July 2025,10:15 PM,2025-07-21T15:18:01+00:00,,AAAAiWm0VOs/5o6yiYIcnW4/5o6yiYIcnW4
2025-07-25,Friday,2025-07-25T22:15:00+05:30,,2025-07-26T00:15:00+05:30,120,Antim Pyaar,,,Book,,Himanshu Sharma,1,,Sahityika : Literary Society,25th July 2025,10:15 PM,2025-07-25T15:25:54+00:00,,AAAAiWm0VOs/MB3vpy-44gw/MB3vpy-44gw
2025-08-08,Friday,2025-08-08T22:15:00+05:30,,2025-08-09T00:15:00+05:30,120,The Choice Not Made,Wise Dev,,Piece,,Satyaki Goswami,1,,Sahityika : Literary Society,8th July 2025,10:15 PM,2025-08-08T15:40:16+00:00,,AAAAiWm0VOs/_ewivCmnG6U/_ewivCmnG6U
2025-08-11,Monday,2025-08-11T22:15:00+05:30,,2025-08-12T00:15:00+05:30,120,Submission — Srutorshi Basuray,Srutorshi Basuray,,Piece,,Satyaki Goswami,1,,Sahityika : Literary Society,11th July 2025,10:15 PM,2025-08-11T15:34:12+00:00,,AAAAiWm0VOs/FzTqPI9D95A/FzTqPI9D95A
2025-08-13,Wednesday,2025-08-13T22:15:00+05:30,,2025-08-14T00:15:00+05:30,120,Hope - Rebooted in Reels,Darshil Jain,,Piece,,Satyaki Goswami,1,,Sahityika : Literary Society,13th Aug 2025,10:15 PM,2025-08-13T15:33:15+00:00,,AAAAiWm0VOs/cK9Aed3bZa0/cK9Aed3bZa0
2025-09-01,Monday,2025-09-01T22:15:00+05:30,,2025-09-02T00:15:00+05:30,120,I Won't Accept Fate,Ayush Manjil,,Piece,,Satyaki Goswami,1,,Sahityika : Literary Society,1st September 2025,10:15 PM,2025-09-01T14:26:01+00:00,,AAAAiWm0VOs/cJMoaHrxCcs/cJMoaHrxCcs
2025-09-03,Wednesday,2025-09-03T22:15:00+05:30,,2025-09-04T00:15:00+05:30,120,Submission — Sreevidya Y,Sreevidya Y,,Piece,,Satyaki Goswami,1,,Sahityika : Literary Society,3rd September 2025,10:15 PM,2025-09-03T15:48:13+00:00,,AAAAiWm0VOs/ZgCtvlOZUeg/ZgCtvlOZUeg
2026-01-16,Friday,2026-01-16T22:15:00+05:30,,2026-01-17T00:15:00+05:30,120,दो बैलों की कथा,Premchand,,Story,,Unassigned,0,,Sahityika : Literary Society,16th January 2026,10:15 PM,2026-01-16T15:50:49+00:00,no Reader line in the announcement,AAAAiWm0VOs/AGuIaTUr41g/AGuIaTUr41g
2026-01-19,Monday,2026-01-19T22:15:00+05:30,,2026-01-20T00:15:00+05:30,120,An Astrologer's Day,,,Piece,,Sreevidya Yadavally,1,,Sreevidya Yadavally,"19th January, 2026",10:15 PM,2026-01-19T16:35:08+00:00,,AAAAiWm0VOs/kaDI_LUjelo/kaDI_LUjelo
2026-01-21,Wednesday,2026-01-21T22:15:00+05:30,,2026-01-22T00:15:00+05:30,120,The Kite Runner,Khaled Hosseini,,Book,,Prachi,1,,24F2001732 SHRUJAL N K,"21th January, 2026",10:15 PM,2026-01-21T16:38:38+00:00,,AAAAiWm0VOs/89ic_hbZSMc/89ic_hbZSMc
2026-01-23,Friday,2026-01-23T22:15:00+05:30,,2026-01-24T00:15:00+05:30,120,The Kite Runner,Khaled Hosseini,,Book,,Anshu,1,,24F2001732 SHRUJAL N K,"23rd January, 2026",10:15 PM,2026-01-23T16:55:34+00:00,,AAAAiWm0VOs/guwsyLceQsQ/guwsyLceQsQ
2026-01-26,Monday,2026-01-26T22:15:00+05:30,,2026-01-27T00:15:00+05:30,120,The Kite Runner,Khaled Hosseini,,Book,,Sreevidya Yadavally,1,,Sreevidya Yadavally,"26th January, 2026",10:15 PM,2026-01-26T15:10:17+00:00,,AAAAiWm0VOs/3eba2s3ofBo/3eba2s3ofBo
2026-01-30,Friday,2026-01-30T22:15:00+05:30,,2026-01-31T00:15:00+05:30,120,The Kite Runner,Khaled Hosseini,,Book,,Anshu,1,,Sreevidya Yadavally,"30th January, 2026",10:15 PM,2026-01-30T16:04:13+00:00,,AAAAiWm0VOs/Mox4KZEg4Z8/Mox4KZEg4Z8
2026-02-02,Monday,2026-02-02T22:15:00+05:30,,2026-02-03T00:15:00+05:30,120,The Kite Runner,Khaled Hosseini,,Book,,Sreevidya Yadavally,1,,Sahityika : Literary Society,"2nd February, 2026",10:15 PM,2026-02-02T15:49:01+00:00,,AAAAiWm0VOs/Tmn5S5qG5XQ/Tmn5S5qG5XQ
2026-02-11,Wednesday,2026-02-11T22:30:00+05:30,,2026-02-12T00:30:00+05:30,120,The Kite Runner,Khaled Hosseini,,Book,,Prachi,1,,Sahityika : Literary Society,"11th February, 2026",10:30 PM,2026-02-11T17:12:57+00:00,,AAAAiWm0VOs/HbTcFiCD2D4/HbTcFiCD2D4
2026-03-06,Friday,2026-03-06T22:15:00+05:30,,2026-03-07T00:15:00+05:30,120,The Kite Runner,Khaled Hosseini,,Book,,Prachi,1,,Sreevidya Yadavally,"06th March, 2026",10:15 PM,2026-03-06T13:19:36+00:00,,AAAAiWm0VOs/-fdTHngMkQA/-fdTHngMkQA
2026-03-18,Wednesday,2026-03-18T22:15:00+05:30,,2026-03-19T00:15:00+05:30,120,The Kite Runner,Khaled Hosseini,,Book,,Sreevidya Yadavally,1,,Sreevidya Yadavally,"18th March, 2026",10:15 PM,2026-03-18T15:02:39+00:00,,AAAAiWm0VOs/oKYHS1kGmV0/oKYHS1kGmV0
2026-03-23,Monday,2026-03-23T22:15:00+05:30,,2026-03-24T00:15:00+05:30,120,A Vagabond,Guy de Maupassant,,Book,,Sreevidya Yadavally,1,,Sreevidya Yadavally,"23rd March, 2026",10:15 PM,2026-03-23T16:24:52+00:00,,AAAAiWm0VOs/H99VAPszkCU/H99VAPszkCU
2026-03-25,Wednesday,2026-03-25T22:15:00+05:30,,2026-03-26T00:15:00+05:30,120,Love,Guy de Maupassant,,Story,,Prachi,1,,Sreevidya Yadavally,"25th March, 2026",10:15 PM,2026-03-25T16:48:52+00:00,,AAAAiWm0VOs/_29ajRxYYu8/_29ajRxYYu8
2026-03-27,Friday,2026-03-27T22:15:00+05:30,,2026-03-28T00:15:00+05:30,120,A Mistake,Guy de Maupassant,,Story,,Sreevidya Yadavally,1,,Sreevidya Yadavally,"27th March, 2026",10:15 PM,2026-03-27T15:25:01+00:00,,AAAAiWm0VOs/uJP7H--Jiz8/uJP7H--Jiz8
2026-04-01,Wednesday,2026-04-01T22:15:00+05:30,,2026-04-02T00:15:00+05:30,120,The Terror,Guy de Maupassant,,Story,,Sreevidya Yadavally,1,,Sreevidya Yadavally,"1st April, 2026",10:15 PM,2026-04-01T15:06:29+00:00,,AAAAiWm0VOs/XGvIphHXU-E/XGvIphHXU-E
2026-04-13,Monday,2026-04-13T22:15:00+05:30,,2026-04-14T00:15:00+05:30,120,The Little Prince,Antoine de Saint-Exupéry,,Book,,Sreevidya Yadavally,1,,Sreevidya Yadavally,"13th April, 2026",10:15 PM,2026-04-13T16:35:44+00:00,,AAAAiWm0VOs/OfKvcpva57E/OfKvcpva57E
2026-04-24,Friday,2026-04-24T22:15:00+05:30,,2026-04-25T00:15:00+05:30,120,The Little Prince,Antoine de Saint-Exupéry,,Book,,Chatrapal Singh Rathore,1,,Ayush Raj,"24th April, 2026",10:15 PM,2026-04-24T13:44:13+00:00,,AAAAiWm0VOs/wOkVNiq2tt0/wOkVNiq2tt0
2026-04-29,Wednesday,2026-04-29T22:15:00+05:30,,2026-04-30T00:15:00+05:30,120,The Possibility of Evil,Shirley Jackson,,Story,,Prachi,1,,Sreevidya Yadavally,"29th April, 2026",10:15 PM,2026-04-29T14:25:00+00:00,,AAAAiWm0VOs/PKI6E_zNtCE/PKI6E_zNtCE
2026-05-15,Friday,2026-05-15T22:15:00+05:30,,2026-05-16T00:15:00+05:30,120,The Blue Umbrella,Ruskin Bond,,Novel,,Sreevidya Yadavally,1,,Sreevidya Yadavally,"15th May, 2026",10:15 PM,2026-05-15T15:54:23+00:00,,AAAAiWm0VOs/CutCjwPU8H4/CutCjwPU8H4
2026-05-18,Monday,2026-05-18T22:15:00+05:30,,2026-05-19T00:15:00+05:30,120,The Blue Umbrella,Ruskin Bond,,Novel,,Sreevidya Yadavally,1,,Sreevidya Yadavally,"18th May, 2026",10:15 PM,2026-05-18T14:16:50+00:00,,AAAAiWm0VOs/lRrUOR3ts8k/lRrUOR3ts8k
2026-05-22,Friday,2026-05-22T21:30:00+05:30,,2026-05-22T23:30:00+05:30,120,The Most Beautiful,Ruskin Bond,,Story,,Sreevidya Yadavally,1,,Sreevidya Yadavally,"22nd May, 2026",9:30 PM,2026-05-22T16:02:34+00:00,,AAAAiWm0VOs/jh1bECN0pAY/jh1bECN0pAY
2026-06-01,Monday,2026-06-01T21:30:00+05:30,,2026-06-01T23:30:00+05:30,120,Hell Screen,Ryūnosuke Akutagawa,,Novel,,Sreevidya Yadavally,1,,Sreevidya Yadavally,"29th May, 2026",9:30 PM,2026-06-01T14:18:27+00:00,,AAAAiWm0VOs/yaE4uwjX368/yaE4uwjX368
2026-06-03,Wednesday,2026-06-03T21:30:00+05:30,,2026-06-03T23:30:00+05:30,120,Hell Screen,Ryūnosuke Akutagawa,,Novel,,Sreevidya Yadavally,1,,Sreevidya Yadavally,"03rd June, 2026",9:30 PM,2026-06-03T13:43:34+00:00,,AAAAiWm0VOs/GJdQdJi2OSE/GJdQdJi2OSE
2026-06-17,Wednesday,2026-06-17T21:30:00+05:30,,2026-06-17T23:30:00+05:30,120,Hell Screen,Ryūnosuke Akutagawa,,Novel,,Sreevidya Yadavally,1,,Sreevidya Yadavally,"17th June, 2026",9:30 PM,2026-06-17T15:13:47+00:00,,AAAAiWm0VOs/JVtp5OaLj4k/JVtp5OaLj4k
2026-08-03,Monday,2026-08-03T21:30:00+05:30,,2026-08-03T23:30:00+05:30,120,The Midnight Library,Matt Haig,,Novel,,Sreevidya Yadavally,1,,Sreevidya Yadavally,"3rd August, 2026",9:30 PM,2026-08-03T14:51:40+00:00,,AAAAiWm0VOs/AABueluolZw/AABueluolZw
