Title,First_Date,Last_Date,Sessions
Salem's Lot,"Friday, December 13, 2024 at 4:42:27 PM UTC","Wednesday, October 30, 2024 at 3:58:53 PM UTC",38
Waiting For The Mahatma,"Friday, August 16, 2024 at 3:27:37 PM UTC","Wednesday, September 4, 2024 at 3:32:07 PM UTC",15
Devolution,"Friday, August 11, 2023 at 3:45:58 PM UTC","Wednesday, September 27, 2023 at 3:03:13 PM UTC",13
The Murder of Roger Ackroyd,"Friday, July 19, 2024 at 2:54:30 PM UTC","Wednesday, July 24, 2024 at 2:37:30 PM UTC",12
The Strangest Man,"Friday, May 16, 2025 at 3:07:14 PM UTC","Wednesday, May 28, 2025 at 3:57:21 PM UTC",11
Pride & Prejudice,"Friday, December 15, 2023 at 4:38:44 PM UTC","Wednesday, November 15, 2023 at 3:56:26 PM UTC",9
The Kite Runner,"Friday, January 23, 2026 at 4:55:34 PM UTC","Wednesday, March 18, 2026 at 4:41:30 PM UTC",9
Hellstar Remina,"Friday, April 19, 2024 at 1:42:50 PM UTC","Wednesday, May 1, 2024 at 2:47:15 PM UTC",7
Rashmirathi,"Friday, October 4, 2024 at 4:12:38 PM UTC","Wednesday, October 9, 2024 at 3:57:09 PM UTC",5
Lord of the Flies,"Monday, December 12, 2022 at 5:30:58 PM UTC","Tuesday, January 10, 2023 at 5:31:55 PM UTC",4
Uglies,"Friday, February 3, 2023 at 3:58:44 PM UTC","Wednesday, February 15, 2023 at 4:11:38 PM UTC",4
Evelina,"Friday, October 13, 2023 at 4:01:10 PM UTC","Wednesday, October 18, 2023 at 4:22:13 PM UTC",4
Carmilla,"Monday, June 5, 2023 at 4:29:01 PM UTC","Wednesday, June 7, 2023 at 10:57:47 AM UTC",3
The Wendigo,"Friday, June 23, 2023 at 3:24:42 PM UTC","Wednesday, June 21, 2023 at 4:19:38 PM UTC",3
One Dozen Stories,"Friday, July 28, 2023 at 4:15:24 PM UTC","Monday, July 24, 2023 at 3:43:11 PM UTC",3
"'Oh, Whistle, and I'll Come to You, My Lad'","Friday, June 27, 2025 at 2:23:50 PM UTC","Thursday, July 3, 2025 at 3:15:13 PM UTC",3
"""The Champawat Man-Eater""","Friday, March 24, 2023 at 4:29:02 PM UTC","Wednesday, March 22, 2023 at 4:15:10 PM UTC",2
Ramayan(Baal Kaand),"Friday, February 9, 2024 at 4:18:15 PM UTC","Wednesday, February 14, 2024 at 3:34:23 PM UTC",2
Submission,"Monday, August 11, 2025 at 3:34:12 PM UTC","Wednesday, September 3, 2025 at 3:48:13 PM UTC",2
The Little Prince,"Friday, April 24, 2026 at 1:44:13 PM UTC","Monday, April 13, 2026 at 4:35:44 PM UTC",2
The Blue Umbrella,"Friday, May 15, 2026 at 3:54:23 PM UTC","Monday, May 18, 2026 at 2:16:50 PM UTC",2
"""The Last Leaf""","Monday, March 20, 2023 at 4:50:26 PM UTC","Monday, March 20, 2023 at 4:50:26 PM UTC",1
"""The Rime of the Ancient Mariner""","Monday, March 27, 2023 at 4:17:22 PM UTC","Monday, March 27, 2023 at 4:17:22 PM UTC",1
"The Lady, or The Tiger","Friday, June 16, 2023 at 4:30:23 PM UTC","Friday, June 16, 2023 at 4:30:23 PM UTC",1
The Monkey's Paw,"Monday, June 19, 2023 at 4:27:04 PM UTC","Monday, June 19, 2023 at 4:27:04 PM UTC",1
Classic Poems,"Wednesday, June 28, 2023 at 4:38:00 PM UTC","Wednesday, June 28, 2023 at 4:38:00 PM UTC",1
The Night Train at Deoli & The Leopard,"Friday, June 30, 2023 at 4:22:21 PM UTC","Friday, June 30, 2023 at 4:22:21 PM UTC",1
India's Most Fearless,"Wednesday, July 26, 2023 at 3:48:51 PM UTC","Wednesday, July 26, 2023 at 3:48:51 PM UTC",1
LUKUNDOO,"Monday, January 29, 2024 at 3:31:30 PM UTC","Monday, January 29, 2024 at 3:31:30 PM UTC",1
The Case of The Caretaker,"Wednesday, April 3, 2024 at 4:14:29 PM UTC","Wednesday, April 3, 2024 at 4:14:29 PM UTC",1
Miss Marple Stories,"Friday, April 5, 2024 at 4:06:29 PM UTC","Friday, April 5, 2024 at 4:06:29 PM UTC",1
Dagon and The Other Gods,"Monday, April 8, 2024 at 3:09:24 PM UTC","Monday, April 8, 2024 at 3:09:24 PM UTC",1
The Upper Berth,"Wednesday, April 10, 2024 at 4:10:14 PM UTC","Wednesday, April 10, 2024 at 4:10:14 PM UTC",1
Sherlock Holmes Stories,"Wednesday, April 17, 2024 at 4:24:15 PM UTC","Wednesday, April 17, 2024 at 4:24:15 PM UTC",1
Kabuliwaala,"Monday, July 14, 2025 at 4:44:57 PM UTC","Monday, July 14, 2025 at 4:44:57 PM UTC",1
Kankaal,"Wednesday, July 16, 2025 at 3:45:14 PM UTC","Wednesday, July 16, 2025 at 3:45:14 PM UTC",1
Didi,"Monday, July 21, 2025 at 3:18:01 PM UTC","Monday, July 21, 2025 at 3:18:01 PM UTC",1
Antim Pyaar,"Friday, July 25, 2025 at 3:25:54 PM UTC","Friday, July 25, 2025 at 3:25:54 PM UTC",1
The Choice Not Made,"Friday, August 8, 2025 at 3:40:16 PM UTC","Friday, August 8, 2025 at 3:40:16 PM UTC",1
Hope -- Rebooted in Reels,"Wednesday, August 13, 2025 at 3:33:15 PM UTC","Wednesday, August 13, 2025 at 3:33:15 PM UTC",1
I Won't Accept Fate,"Monday, September 1, 2025 at 2:26:01 PM UTC","Monday, September 1, 2025 at 2:26:01 PM UTC",1
दो बैलों की कथा,"Friday, January 16, 2026 at 3:50:49 PM UTC","Friday, January 16, 2026 at 3:50:49 PM UTC",1
An Astrologer's Day,"Monday, January 19, 2026 at 4:35:08 PM UTC","Monday, January 19, 2026 at 4:35:08 PM UTC",1
A Vagabond,"Monday, March 23, 2026 at 4:24:52 PM UTC","Monday, March 23, 2026 at 4:24:52 PM UTC",1
Love,"Wednesday, March 25, 2026 at 4:48:52 PM UTC","Wednesday, March 25, 2026 at 4:48:52 PM UTC",1
A Mistake,"Friday, March 27, 2026 at 3:25:01 PM UTC","Friday, March 27, 2026 at 3:25:01 PM UTC",1
The Terror,"Wednesday, April 1, 2026 at 3:06:29 PM UTC","Wednesday, April 1, 2026 at 3:06:29 PM UTC",1
Possibility Of Evil,"Wednesday, April 29, 2026 at 2:25:00 PM UTC","Wednesday, April 29, 2026 at 2:25:00 PM UTC",1
The Most Beautiful,"Friday, May 22, 2026 at 4:02:34 PM UTC","Friday, May 22, 2026 at 4:02:34 PM UTC",1
