Title,Author,Category,Sessions,Readers,First_Date,Last_Date,Actual_Type
Salem's Lot,Stephen King,Book,38,@SATYAKI GOSWAMI; Abhishek Bhaiyya/Satyaki Goswami; Abhishek Bhaiyya/Satyaki Goswami/Chhota Himanshu; Abhishek Kumar Jha; Abhishek Kumar Jha/Satyaki Goswami; Chhota Himanshu; Chhota Himanshu/Satyaki Goswami; Satyaki Goswami; Thanvi,"Monday, September 30, 2024 at 1:41:32 PM UTC","Monday, March 10, 2025 at 3:00:03 PM UTC",Novel
Waiting For The Mahatma,R. K. Narayan,Book,15,@Ayesha Badgujar; @Himanshu Sharma; @SATYAKI GOSWAMI; Ayesha Badgujar and/or Himanshu Sharma or Satyaki Goswami,"Monday, July 29, 2024 at 4:08:51 PM UTC","Wednesday, September 25, 2024 at 3:18:28 PM UTC",Novel
Devolution,Max Brooks,Book,13,Shagun Dwivedi; gharsh,"Monday, August 7, 2023 at 2:05:57 PM UTC","Friday, October 6, 2023 at 3:17:23 PM UTC",Book
The Murder of Roger Ackroyd,Agatha Christie,Book,12,@SATYAKI GOSWAMI; @SHAGUN DWIVEDI,"Friday, June 21, 2024 at 2:37:15 PM UTC","Saturday, July 27, 2024 at 2:38:24 PM UTC",Novel
The Strangest Man,Graham Farmelo,Book,11,Satyaki Goswami; Vedam Thanvi Sree Nithya,"Friday, May 16, 2025 at 3:07:14 PM UTC","Wednesday, July 2, 2025 at 3:20:51 PM UTC",Biography
Pride & Prejudice,Jane Austen,Book,9,Ashish; Chatrapal and Himanshu,"Wednesday, November 15, 2023 at 3:56:26 PM UTC","Friday, December 15, 2023 at 4:38:44 PM UTC",Book
The Kite Runner,Khaled Hosseini,Book,9,Anshu; Prachi; Sreevidya,"Wednesday, January 21, 2026 at 4:38:38 PM UTC","Wednesday, March 18, 2026 at 4:41:30 PM UTC",Book
Hellstar Remina,Junji Ito,Book,7,Satyaki Goswami,"Friday, April 19, 2024 at 1:42:50 PM UTC","Wednesday, June 19, 2024 at 3:47:20 PM UTC",Manga
Rashmirathi,Ramdhari Singh Dinkar,Book,5,@ABHINEET RAMAN; Harsh Vardhan Rai,"Friday, September 27, 2024 at 3:40:32 PM UTC","Monday, November 4, 2024 at 4:13:56 PM UTC",Epic Poem
Lord of the Flies,William Golding,Book,4,Angana Mondal; Satyaki Goswami,"Monday, December 12, 2022 at 5:30:58 PM UTC","Tuesday, January 10, 2023 at 5:31:55 PM UTC",Novel
Uglies,Scott Westerfeld,Book,4,Ayesha Badgujar; Harshvi Saini IITM; Nishan; Satyaki Goswami,"Monday, January 30, 2023 at 5:28:11 PM UTC","Wednesday, February 15, 2023 at 4:11:38 PM UTC",Novel
Evelina,Fanny Burney,Book,4,,"Wednesday, October 11, 2023 at 4:21:30 PM UTC","Wednesday, October 18, 2023 at 4:22:13 PM UTC",Book
Carmilla,Sheridan Le Fanu,Book,3,Rahul Chakraborty; Shreya,"Thursday, June 1, 2023 at 2:31:24 PM UTC","Wednesday, June 7, 2023 at 10:57:47 AM UTC",Novella
The Wendigo,Algernon Blackwood,Book,3,Ayush S. Jadhav; Nairhritya; Satyaki Goswami,"Wednesday, June 21, 2023 at 4:19:38 PM UTC","Monday, June 26, 2023 at 2:54:35 PM UTC",Novella
One Dozen Stories,Satyajit Ray,Book,3,@~gharsh; Aradhya Kulkarni; Nairhritya,"Monday, July 17, 2023 at 4:12:43 PM UTC","Friday, July 28, 2023 at 4:15:24 PM UTC",Book
"'Oh, Whistle, and I'll Come to You, My Lad'",,Book,3,Satyaki Goswami,"Friday, June 27, 2025 at 2:23:50 PM UTC","Thursday, July 3, 2025 at 3:15:13 PM UTC",Book
"""The Champawat Man-Eater""",Jim Corbett,Story,2,,"Wednesday, March 22, 2023 at 4:15:10 PM UTC","Friday, March 24, 2023 at 4:29:02 PM UTC",Story
Ramayan(Baal Kaand),,Book,2,Abhineet Raman,"Friday, February 9, 2024 at 4:18:15 PM UTC","Wednesday, February 14, 2024 at 3:34:23 PM UTC",Book
Submission,Sreevidya Y,Piece,2,Satyaki Goswami,"Monday, August 11, 2025 at 3:34:12 PM UTC","Wednesday, September 3, 2025 at 3:48:13 PM UTC",Piece
The Little Prince,by Antoine de Saint-Exupéry,Book,2,Chatrapal Singh Rathore; Sreevidya,"Monday, April 13, 2026 at 4:35:44 PM UTC","Friday, April 24, 2026 at 1:44:13 PM UTC",Book
The Blue Umbrella,Ruskin Bond,Novel,2,Sreevidya,"Friday, May 15, 2026 at 3:54:23 PM UTC","Monday, May 18, 2026 at 2:16:50 PM UTC",Novel
"""The Last Leaf""",O Henry,Story,1,,"Monday, March 20, 2023 at 4:50:26 PM UTC","Monday, March 20, 2023 at 4:50:26 PM UTC",Story
"""The Rime of the Ancient Mariner""",Samuel Taylor Coleridge,Poem,1,Angana Mondal,"Monday, March 27, 2023 at 4:17:22 PM UTC","Monday, March 27, 2023 at 4:17:22 PM UTC",Poem
"The Lady, or The Tiger",,Book,1,Amit new member Bib,"Friday, June 16, 2023 at 4:30:23 PM UTC","Friday, June 16, 2023 at 4:30:23 PM UTC",Book
The Monkey's Paw,W. W. Jacobs,Book,1,,"Monday, June 19, 2023 at 4:27:04 PM UTC","Monday, June 19, 2023 at 4:27:04 PM UTC",Short Story
Classic Poems,,Book,1,Amit Kumar Gupta,"Wednesday, June 28, 2023 at 4:38:00 PM UTC","Wednesday, June 28, 2023 at 4:38:00 PM UTC",Book
The Night Train at Deoli & The Leopard,,Story,1,harshvisaini0901@gmail.com,"Friday, June 30, 2023 at 4:22:21 PM UTC","Friday, June 30, 2023 at 4:22:21 PM UTC",Story
India's Most Fearless,,Book,1,~Ayush S. Jadhav & Tamajit Sadukhan IITM,"Wednesday, July 26, 2023 at 3:48:51 PM UTC","Wednesday, July 26, 2023 at 3:48:51 PM UTC",Book
LUKUNDOO,Edward Lucas White,Book,1,Satyaki Goswami,"Monday, January 29, 2024 at 3:31:30 PM UTC","Monday, January 29, 2024 at 3:31:30 PM UTC",Book
The Case of The Caretaker,Agatha Christie,Book,1,,"Wednesday, April 3, 2024 at 4:14:29 PM UTC","Wednesday, April 3, 2024 at 4:14:29 PM UTC",Book
Miss Marple Stories,Agatha Christie,Book,1,,"Friday, April 5, 2024 at 4:06:29 PM UTC","Friday, April 5, 2024 at 4:06:29 PM UTC",Book
Dagon and The Other Gods,H.P Lovecraft; The Upper Berth by F. Marion Crawford,Book,1,Satyaki Goswami,"Monday, April 8, 2024 at 3:09:24 PM UTC","Monday, April 8, 2024 at 3:09:24 PM UTC",Book
The Upper Berth,F. Marion Crawford,Book,1,Satyaki Goswami,"Wednesday, April 10, 2024 at 4:10:14 PM UTC","Wednesday, April 10, 2024 at 4:10:14 PM UTC",Book
Sherlock Holmes Stories,,Book,1,,"Wednesday, April 17, 2024 at 4:24:15 PM UTC","Wednesday, April 17, 2024 at 4:24:15 PM UTC",Book
Kabuliwaala,,Book,1,Himanshu Sharma,"Monday, July 14, 2025 at 4:44:57 PM UTC","Monday, July 14, 2025 at 4:44:57 PM UTC",Book
Kankaal,,Book,1,Satyaki Goswami,"Wednesday, July 16, 2025 at 3:45:14 PM UTC","Wednesday, July 16, 2025 at 3:45:14 PM UTC",Book
Didi,,Book,1,Gourav Kumar Ghosh,"Monday, July 21, 2025 at 3:18:01 PM UTC","Monday, July 21, 2025 at 3:18:01 PM UTC",Book
Antim Pyaar,,Book,1,Himanshu Sharma,"Friday, July 25, 2025 at 3:25:54 PM UTC","Friday, July 25, 2025 at 3:25:54 PM UTC",Book
The Choice Not Made,Wise Dev,Piece,1,Satyaki Goswami,"Friday, August 8, 2025 at 3:40:16 PM UTC","Friday, August 8, 2025 at 3:40:16 PM UTC",Piece
Hope -- Rebooted in Reels,Darshil Jain,Piece,1,Satyaki Goswami,"Wednesday, August 13, 2025 at 3:33:15 PM UTC","Wednesday, August 13, 2025 at 3:33:15 PM UTC",Piece
I Won't Accept Fate,Ayush Manjil,Piece,1,Satyaki Goswami,"Monday, September 1, 2025 at 2:26:01 PM UTC","Monday, September 1, 2025 at 2:26:01 PM UTC",Piece
दो बैलों की कथा,,Story,1,,"Friday, January 16, 2026 at 3:50:49 PM UTC","Friday, January 16, 2026 at 3:50:49 PM UTC",Story
An Astrologer's Day,,Piece,1,Sreevidya,"Monday, January 19, 2026 at 4:35:08 PM UTC","Monday, January 19, 2026 at 4:35:08 PM UTC",Piece
A Vagabond,Guy de Maupassant,Book,1,Sreevidya,"Monday, March 23, 2026 at 4:24:52 PM UTC","Monday, March 23, 2026 at 4:24:52 PM UTC",Book
Love,Guy de Maupassant,Story,1,Prachi,"Wednesday, March 25, 2026 at 4:48:52 PM UTC","Wednesday, March 25, 2026 at 4:48:52 PM UTC",Story
A Mistake,Guy de Maupassant,Story,1,Sreevidya,"Friday, March 27, 2026 at 3:25:01 PM UTC","Friday, March 27, 2026 at 3:25:01 PM UTC",Story
The Terror,Guy de Maupassant,Story,1,Sreevidya,"Wednesday, April 1, 2026 at 3:06:29 PM UTC","Wednesday, April 1, 2026 at 3:06:29 PM UTC",Story
Possibility Of Evil,Shirley Jackson,Story,1,Prachi,"Wednesday, April 29, 2026 at 2:25:00 PM UTC","Wednesday, April 29, 2026 at 2:25:00 PM UTC",Story
The Most Beautiful,Ruskin Bond,Story,1,Sreevidya,"Friday, May 22, 2026 at 4:02:34 PM UTC","Friday, May 22, 2026 at 4:02:34 PM UTC",Story
