Title,Author,Category,Actual_Type,Genre,Language,Country,Status,Sessions,First_Date,Last_Date,Hours,Reader_Count,Readers,Segments_Covered,Author_Confidence,Notes
Salem's Lot,Stephen King,book,Novel,Horror,English,United States,completed,38,2024-09-30,2025-03-10,76.0,4,Abhishek Kumar Jha; Chhota Himanshu; Satyaki Goswami; Vedam Thanvi Sree Nithya,,verified,
Waiting for the Mahatma,R. K. Narayan,book,Novel,Historical Fiction,English,India,completed,15,2024-07-29,2024-09-25,30.0,3,Ayesha Badgujar; Himanshu Sharma; Satyaki Goswami,,verified,
Devolution,Max Brooks,book,Novel,Horror,English,United States,completed,13,2023-08-07,2023-10-06,26.0,2,gharsh; Shagun Dwivedi,,verified,
The Murder of Roger Ackroyd,Agatha Christie,book,Novel,Detective Fiction,English,United Kingdom,completed,12,2024-06-21,2024-07-27,24.0,2,Satyaki Goswami; Shagun Dwivedi,,verified,
The Strangest Man,Graham Farmelo,book,Biography,Biography,English,United Kingdom,completed,11,2025-05-16,2025-07-02,22.0,2,Satyaki Goswami; Vedam Thanvi Sree Nithya,,verified,Biography of Paul Dirac.
The Hitchhiker's Guide to the Galaxy,Douglas Adams,book,Novel,Comic Science Fiction,English,United Kingdom,completed,10,2024-02-02,2024-03-18,20.0,3,Amit Kumar Gupta; Himanshu Singh; Satyaki Goswami,,verified,
Pride and Prejudice,Jane Austen,book,Novel,Romance,English,United Kingdom,completed,9,2023-11-15,2023-12-15,18.0,3,Ashish; Chatrapal Singh Rathore; Himanshu,,verified,
The Kite Runner,Khaled Hosseini,book,Novel,Historical Fiction,English,Afghanistan,completed,9,2026-01-21,2026-03-18,18.0,3,Anshu; Prachi; Sreevidya Yadavally,,verified,
Arkham Asylum: A Serious House on Serious Earth,Grant Morrison and Dave McKean,story,Graphic Novel,Superhero Horror,English,United Kingdom,completed,8,2025-03-19,2025-04-21,16.0,1,Satyaki Goswami,,verified,"1989 DC graphic novel; written by Morrison, illustrated by McKean."
Hellstar Remina,Junji Ito,book,Manga,Horror,Japanese,Japan,completed,7,2024-04-19,2024-06-19,14.0,1,Satyaki Goswami,,verified,
Ramayan,Tulsidas,book,Epic Poem,Mythology,Awadhi,India,completed,6,2024-01-22,2024-02-14,12.0,4,Abhineet Raman; Ashish; gharsh; Prasannakumar,Baal Kaand,verified,"Read as Baal Kaand, the first of the seven cantos of Tulsidas' Ramcharitmanas."
Rashmirathi,Ramdhari Singh Dinkar,book,Epic Poem,Mythology,Hindi,India,completed,5,2024-09-27,2024-11-04,10.0,2,Abhineet Raman; Harsh Vardhan Rai,,verified,
Evelina,Frances Burney,book,Novel,Comedy of Manners,English,United Kingdom,completed,4,2023-10-11,2023-10-18,8.0,0,,,verified,
Lord of the Flies,William Golding,book,Novel,Allegory,English,United Kingdom,completed,4,2022-12-12,2023-01-10,8.0,2,Angana Mondal; Satyaki Goswami,Chapter 5; Chapter 9; Chapter 10,verified,
Uglies,Scott Westerfeld,book,Novel,Dystopian Fiction,English,United States,completed,4,2023-01-30,2023-02-15,8.0,4,Ayesha Badgujar; Harshvi Saini; Nishan; Satyaki Goswami,Chapter 1; Chapters 4-5; Chapters 7-8; Chapters 19-21,verified,
Carmilla,Joseph Sheridan Le Fanu,book,Novella,Gothic Horror,English,Ireland,completed,3,2023-06-01,2023-06-07,6.0,2,Rahul Chakraborty; Shreya,,verified,
Hell Screen,Ryūnosuke Akutagawa,novel,Short Story,Psychological Fiction,Japanese,Japan,completed,3,2026-06-01,2026-06-17,6.0,1,Sreevidya Yadavally,,verified,
"Oh, Whistle, and I'll Come to You, My Lad",M. R. James,book,Short Story,Ghost Story,English,United Kingdom,completed,3,2025-06-27,2025-07-03,6.0,1,Satyaki Goswami,,verified,
One Dozen Stories,Satyajit Ray,book,Short Story Collection,,Bengali,India,completed,3,2023-07-17,2023-07-28,6.0,3,Aradhya Kulkarni; gharsh; Nairhritya,,verified,
The Wendigo,Algernon Blackwood,book,Novella,Horror,English,United Kingdom,completed,3,2023-06-21,2023-06-26,6.0,3,Ayush S. Jadhav; Nairhritya; Satyaki Goswami,,verified,
The Blue Umbrella,Ruskin Bond,novel,Novella,Children's Literature,English,India,completed,2,2026-05-15,2026-05-18,4.0,1,Sreevidya Yadavally,,verified,
The Champawat Man-Eater,Jim Corbett,story,Non-fiction,Memoir,English,India,completed,2,2023-03-22,2023-03-24,4.0,0,,,verified,
The Little Prince,Antoine de Saint-Exupéry,book,Novella,Fable,French,France,completed,2,2026-04-13,2026-04-24,4.0,2,Chatrapal Singh Rathore; Sreevidya Yadavally,,verified,
The Upper Berth,F. Marion Crawford,book,Short Story,Ghost Story,English,United States,completed,2,2024-04-08,2024-04-10,2.0,1,Satyaki Goswami,,verified,
A Mistake,Guy de Maupassant,story,Short Story,Literary Fiction,French,France,completed,1,2026-03-27,2026-03-27,2.0,1,Sreevidya Yadavally,,verified,
A Vagabond,Guy de Maupassant,book,Short Story,Literary Fiction,French,France,completed,1,2026-03-23,2026-03-23,2.0,1,Sreevidya Yadavally,,verified,
An Astrologer's Day,R. K. Narayan,piece,Short Story,Literary Fiction,English,India,completed,1,2026-01-19,2026-01-19,2.0,1,Sreevidya Yadavally,,verified,
Antim Pyaar,Rabindranath Tagore,book,Short Story,Literary Fiction,Bengali,India,completed,1,2025-07-25,2025-07-25,2.0,1,Himanshu Sharma,,verified,Hindi translation of a Tagore Bengali story.
Classic Poems,Various,book,Anthology,Poetry,English,,completed,1,2023-06-28,2023-06-28,2.0,1,Amit Kumar Gupta,,verified,"Session covered Robert Frost, Rudyard Kipling and P. B. Shelley."
Dagon and The Other Gods,H. P. Lovecraft,book,Short Story,Cosmic Horror,English,United States,completed,1,2024-04-08,2024-04-08,2.0,1,Satyaki Goswami,,verified,
Didi,,book,Short Story,,Hindi,India,completed,1,2025-07-21,2025-07-21,2.0,1,Gourav Kumar Ghosh,,unverified,Author not stated in chat. Possibly Subhadra Kumari Chauhan's 'Didi' - needs confirmation from whoever ran the session.
Gagan Chowdhury's Studio,Satyajit Ray,story,Short Story,,Bengali,India,completed,1,2025-05-02,2025-05-02,2.0,1,Satyaki Goswami,,verified,
Hope - Rebooted in Reels,Darshil Jain,piece,Member Submission,,English,India,completed,1,2025-08-13,2025-08-13,2.0,1,Satyaki Goswami,,verified,Original piece by a club member.
I Won't Accept Fate,Ayush Manjil,piece,Member Submission,,English,India,completed,1,2025-09-01,2025-09-01,2.0,1,Satyaki Goswami,,verified,Original piece by a club member.
India's Most Fearless,Shiv Aroor and Rahul Singh,book,Non-fiction,Military Non-fiction,English,India,completed,1,2023-07-26,2023-07-26,2.0,2,Ayush S. Jadhav; Tamajit Sadukhan,,verified,
Kabuliwala,Rabindranath Tagore,book,Short Story,Literary Fiction,Bengali,India,completed,1,2025-07-14,2025-07-14,2.0,1,Himanshu Sharma,,verified,
Kankaal,Jaishankar Prasad,book,Novel,Social Realism,Hindi,India,completed,1,2025-07-16,2025-07-16,2.0,1,Satyaki Goswami,,verified,
Khagam,Satyajit Ray,story,Short Story,Supernatural Fiction,Bengali,India,completed,1,2025-04-23,2025-04-23,2.0,1,Satyaki Goswami,,verified,
Love,Guy de Maupassant,story,Short Story,Literary Fiction,French,France,completed,1,2026-03-25,2026-03-25,2.0,1,Prachi,,verified,
Lukundoo,Edward Lucas White,book,Short Story,Horror,English,United States,completed,1,2024-01-29,2024-01-29,2.0,1,Satyaki Goswami,,verified,
Miss Marple Stories,Agatha Christie,book,Short Story Collection,Detective Fiction,English,United Kingdom,completed,1,2024-04-05,2024-04-05,2.0,0,,,verified,
Mr Brown's Cottage,Satyajit Ray,story,Short Story,,Bengali,India,completed,1,2025-04-30,2025-04-30,2.0,1,Satyaki Goswami,,verified,
One For The Road,Stephen King,story,Short Story,Horror,English,United States,completed,1,2025-03-17,2025-03-17,2.0,2,Abhishek Kumar Jha; Satyaki Goswami,,verified,Set in the Salem's Lot universe; collected in Night Shift.
Sherlock Holmes Stories,Arthur Conan Doyle,book,Short Story Collection,Detective Fiction,English,United Kingdom,completed,1,2024-04-17,2024-04-17,2.0,0,,,verified,
Submission,Srutorshi Basuray,piece,Member Submission,,English,India,completed,1,2025-08-11,2025-08-11,2.0,1,Satyaki Goswami,,verified,Untitled member submission.
Submission,Sreevidya Y,piece,Member Submission,,English,India,completed,1,2025-09-03,2025-09-03,2.0,1,Satyaki Goswami,,verified,Untitled member submission.
The Case of The Caretaker,Agatha Christie,book,Short Story,Detective Fiction,English,United Kingdom,completed,1,2024-04-03,2024-04-03,2.0,0,,,verified,
The Choice Not Made,Wise Dev,piece,Member Submission,,English,India,completed,1,2025-08-08,2025-08-08,2.0,1,Satyaki Goswami,,verified,Original piece by a club member.
The Hungry Septopus,Satyajit Ray,story,Short Story,Science Fiction,Bengali,India,completed,1,2025-05-07,2025-05-07,2.0,1,Satyaki Goswami,,verified,
"The Lady, or the Tiger?",Frank R. Stockton,book,Short Story,Fable,English,United States,completed,1,2023-06-16,2023-06-16,2.0,1,Amit Kumar Gupta,,verified,
The Last Leaf,O. Henry,story,Short Story,Literary Fiction,English,United States,completed,1,2023-03-20,2023-03-20,2.0,0,,,verified,
"The Maths Teacher, Mr Pink, and Tipu",Satyajit Ray,story,Short Story,Children's Literature,Bengali,India,completed,1,2025-05-04,2025-05-04,2.0,1,Satyaki Goswami,,verified,
The Midnight Library,Matt Haig,novel,Novel,Speculative Fiction,English,United Kingdom,reading,1,2026-08-03,2026-08-03,2.0,1,Sreevidya Yadavally,,verified,
The Monkey's Paw,W. W. Jacobs,book,Short Story,Horror,English,United Kingdom,completed,1,2023-06-19,2023-06-19,2.0,0,,,verified,
The Most Beautiful,Ruskin Bond,story,Short Story,Literary Fiction,English,India,completed,1,2026-05-22,2026-05-22,2.0,1,Sreevidya Yadavally,,verified,
The Night Train at Deoli & The Leopard,Ruskin Bond,story,Short Story,Literary Fiction,English,India,completed,1,2023-06-30,2023-06-30,2.0,1,Harshvi Saini,,verified,
The Possibility of Evil,Shirley Jackson,story,Short Story,Psychological Fiction,English,United States,completed,1,2026-04-29,2026-04-29,2.0,1,Prachi,,verified,
The Postmaster,Rabindranath Tagore,story,Short Story,Literary Fiction,Bengali,India,completed,1,2025-05-12,2025-05-12,2.0,1,Satyaki Goswami,,verified,
The Promise (Dui Bondhu),Satyajit Ray,story,Short Story,Literary Fiction,Bengali,India,completed,1,2025-04-25,2025-04-25,2.0,1,Satyaki Goswami,,verified,Dui Bondhu is the original Bengali title.
The Purloined Letter,Edgar Allan Poe,book,Short Story,Detective Fiction,English,United States,completed,1,2024-04-01,2024-04-01,2.0,1,Abhineet Raman,,verified,
The Rime of the Ancient Mariner,Samuel Taylor Coleridge,poem,Poem,Poetry,English,United Kingdom,completed,1,2023-03-27,2023-03-27,2.0,1,Angana Mondal,,verified,
The Terror,Guy de Maupassant,story,Short Story,Horror,French,France,completed,1,2026-04-01,2026-04-01,2.0,1,Sreevidya Yadavally,,verified,
The Vicious Vampire,Satyajit Ray,story,Short Story,Horror,Bengali,India,completed,1,2025-05-05,2025-05-05,2.0,1,Satyaki Goswami,,verified,
दो बैलों की कथा,Premchand,story,Short Story,Fable,Hindi,India,completed,1,2026-01-16,2026-01-16,2.0,0,,,verified,
