Title,Author,Reader_Count,Readers,Sessions,First_Session,Last_Session
A Mistake,Guy de Maupassant,1,Sreevidya Yadavally,1,2026-03-27,2026-03-27
A Vagabond,Guy de Maupassant,1,Sreevidya Yadavally,1,2026-03-23,2026-03-23
An Astrologer's Day,R. K. Narayan,1,Sreevidya Yadavally,1,2026-01-19,2026-01-19
Antim Pyaar,Rabindranath Tagore,1,Himanshu Sharma,1,2025-07-25,2025-07-25
Arkham Asylum: A Serious House on Serious Earth,Grant Morrison and Dave McKean,1,Satyaki Goswami,8,2025-03-19,2025-04-21
Carmilla,Joseph Sheridan Le Fanu,2,Rahul Chakraborty; Shreya,3,2023-06-01,2023-06-07
Classic Poems,Various,1,Amit Kumar Gupta,1,2023-06-28,2023-06-28
Dagon and The Other Gods,H. P. Lovecraft,1,Satyaki Goswami,1,2024-04-08,2024-04-08
Devolution,Max Brooks,2,gharsh; Shagun Dwivedi,13,2023-08-07,2023-10-06
Didi,,1,Gourav Kumar Ghosh,1,2025-07-21,2025-07-21
Evelina,Frances Burney,0,Unassigned,4,2023-10-11,2023-10-18
From The Pages of Childhood,,4,Abhishek Kumar Jha; Chhota Himanshu; Satyaki Goswami; Vedam Thanvi Sree Nithya,14,2024-12-09,2025-01-29
Gagan Chowdhury's Studio,Satyajit Ray,1,Satyaki Goswami,1,2025-05-02,2025-05-02
Hell Screen,Ryūnosuke Akutagawa,1,Sreevidya Yadavally,3,2026-06-01,2026-06-17
Hellstar Remina,Junji Ito,1,Satyaki Goswami,7,2024-04-19,2024-06-19
Hope - Rebooted in Reels,Darshil Jain,1,Satyaki Goswami,1,2025-08-13,2025-08-13
I Won't Accept Fate,Ayush Manjil,1,Satyaki Goswami,1,2025-09-01,2025-09-01
India's Most Fearless,Shiv Aroor and Rahul Singh,2,Ayush S. Jadhav; Tamajit Sadukhan,1,2023-07-26,2023-07-26
Ink What You Think,,2,Abhishek Kumar Jha; Satyaki Goswami,7,2025-02-03,2025-03-07
Kabuliwala,Rabindranath Tagore,1,Himanshu Sharma,1,2025-07-14,2025-07-14
Kankaal,Jaishankar Prasad,1,Satyaki Goswami,1,2025-07-16,2025-07-16
Khagam,Satyajit Ray,1,Satyaki Goswami,1,2025-04-23,2025-04-23
Lord of the Flies,William Golding,2,Angana Mondal; Satyaki Goswami,4,2022-12-12,2023-01-10
Love,Guy de Maupassant,1,Prachi,1,2026-03-25,2026-03-25
Lukundoo,Edward Lucas White,1,Satyaki Goswami,1,2024-01-29,2024-01-29
Miss Marple Stories,Agatha Christie,0,Unassigned,1,2024-04-05,2024-04-05
Mr Brown's Cottage,Satyajit Ray,1,Satyaki Goswami,1,2025-04-30,2025-04-30
"Oh, Whistle, and I'll Come to You, My Lad",M. R. James,1,Satyaki Goswami,3,2025-06-27,2025-07-03
One Dozen Stories,Satyajit Ray,3,Aradhya Kulkarni; gharsh; Nairhritya,3,2023-07-17,2023-07-28
One For The Road,Stephen King,2,Abhishek Kumar Jha; Satyaki Goswami,1,2025-03-17,2025-03-17
Pride and Prejudice,Jane Austen,3,Ashish; Chatrapal Singh Rathore; Himanshu,9,2023-11-15,2023-12-15
Ramayan,Tulsidas,4,Abhineet Raman; Ashish; gharsh; Prasannakumar,6,2024-01-22,2024-02-14
Rashmirathi,Ramdhari Singh Dinkar,2,Abhineet Raman; Harsh Vardhan Rai,5,2024-09-27,2024-11-04
Salem's Lot,Stephen King,4,Abhishek Kumar Jha; Chhota Himanshu; Satyaki Goswami; Vedam Thanvi Sree Nithya,38,2024-09-30,2025-03-10
Sherlock Holmes Stories,Arthur Conan Doyle,0,Unassigned,1,2024-04-17,2024-04-17
Submission,Sreevidya Y,1,Satyaki Goswami,1,2025-09-03,2025-09-03
Submission,Srutorshi Basuray,1,Satyaki Goswami,1,2025-08-11,2025-08-11
The Blue Umbrella,Ruskin Bond,1,Sreevidya Yadavally,2,2026-05-15,2026-05-18
The Case of The Caretaker,Agatha Christie,0,Unassigned,1,2024-04-03,2024-04-03
The Champawat Man-Eater,Jim Corbett,0,Unassigned,2,2023-03-22,2023-03-24
The Choice Not Made,Wise Dev,1,Satyaki Goswami,1,2025-08-08,2025-08-08
The Hitchhiker's Guide to the Galaxy,Douglas Adams,3,Amit Kumar Gupta; Himanshu Singh; Satyaki Goswami,10,2024-02-02,2024-03-18
The Hungry Septopus,Satyajit Ray,1,Satyaki Goswami,1,2025-05-07,2025-05-07
The Kite Runner,Khaled Hosseini,3,Anshu; Prachi; Sreevidya Yadavally,9,2026-01-21,2026-03-18
"The Lady, or the Tiger?",Frank R. Stockton,1,Amit Kumar Gupta,1,2023-06-16,2023-06-16
The Last Leaf,O. Henry,0,Unassigned,1,2023-03-20,2023-03-20
The Little Prince,Antoine de Saint-Exupéry,2,Chatrapal Singh Rathore; Sreevidya Yadavally,2,2026-04-13,2026-04-24
"The Maths Teacher, Mr Pink, and Tipu",Satyajit Ray,1,Satyaki Goswami,1,2025-05-04,2025-05-04
The Midnight Library,Matt Haig,1,Sreevidya Yadavally,1,2026-08-03,2026-08-03
The Monkey's Paw,W. W. Jacobs,0,Unassigned,1,2023-06-19,2023-06-19
The Most Beautiful,Ruskin Bond,1,Sreevidya Yadavally,1,2026-05-22,2026-05-22
The Murder of Roger Ackroyd,Agatha Christie,2,Satyaki Goswami; Shagun Dwivedi,12,2024-06-21,2024-07-27
The Night Train at Deoli & The Leopard,Ruskin Bond,1,Harshvi Saini,1,2023-06-30,2023-06-30
The Possibility of Evil,Shirley Jackson,1,Prachi,1,2026-04-29,2026-04-29
The Postmaster,Rabindranath Tagore,1,Satyaki Goswami,1,2025-05-12,2025-05-12
The Promise (Dui Bondhu),Satyajit Ray,1,Satyaki Goswami,1,2025-04-25,2025-04-25
The Purloined Letter,Edgar Allan Poe,1,Abhineet Raman,1,2024-04-01,2024-04-01
The Rime of the Ancient Mariner,Samuel Taylor Coleridge,1,Angana Mondal,1,2023-03-27,2023-03-27
The Strangest Man,Graham Farmelo,2,Satyaki Goswami; Vedam Thanvi Sree Nithya,11,2025-05-16,2025-07-02
The Terror,Guy de Maupassant,1,Sreevidya Yadavally,1,2026-04-01,2026-04-01
The Upper Berth,F. Marion Crawford,1,Satyaki Goswami,2,2024-04-08,2024-04-10
The Vicious Vampire,Satyajit Ray,1,Satyaki Goswami,1,2025-05-05,2025-05-05
The Wendigo,Algernon Blackwood,3,Ayush S. Jadhav; Nairhritya; Satyaki Goswami,3,2023-06-21,2023-06-26
Uglies,Scott Westerfeld,4,Ayesha Badgujar; Harshvi Saini; Nishan; Satyaki Goswami,4,2023-01-30,2023-02-15
Waiting for the Mahatma,R. K. Narayan,3,Ayesha Badgujar; Himanshu Sharma; Satyaki Goswami,15,2024-07-29,2024-09-25
दो बैलों की कथा,Premchand,0,Unassigned,1,2026-01-16,2026-01-16
